0.000181,-0.000016,0.673074,-0.000036,-0.000624,0.000454,1.000000,-0.000043,-0.000044,0.725166,-0.725560,-0.168143,0.167632,-0.001441,0.001465,0.008785,-0.008810
0.000569,-0.000030,0.674453,-0.000073,-0.001249,0.000909,0.999999,-0.000097,-0.000096,0.716706,-0.717568,-0.158984,0.157866,-0.003647,0.003683,0.018215,-0.018276
0.001123,-0.000041,0.676083,-0.000109,-0.001873,0.001363,0.999997,-0.000161,-0.000159,0.707634,-0.709008,-0.147488,0.145733,-0.006618,0.006657,0.027993,-0.028102
0.001804,-0.000044,0.677908,-0.000169,-0.001484,0.001808,0.999997,-0.000235,-0.000230,0.697967,-0.699865,-0.134121,0.131762,-0.010359,0.010388,0.037822,-0.037989
0.002570,-0.000039,0.679875,-0.000229,-0.001095,0.002253,0.999997,-0.000318,-0.000311,0.687718,-0.690123,-0.119347,0.116485,-0.014870,0.014879,0.047408,-0.047641
0.003384,-0.000022,0.681929,-0.000289,-0.000706,0.002697,0.999996,-0.000411,-0.000401,0.676904,-0.679765,-0.103631,0.100432,-0.020155,0.020134,0.056452,-0.056761
0.004209,0.000008,0.684021,-0.000370,-0.000516,0.002826,0.999996,-0.000512,-0.000501,0.665562,-0.668807,-0.087386,0.084071,-0.026201,0.026141,0.064719,-0.065111
0.005037,0.000052,0.686124,-0.000452,-0.000325,0.002955,0.999995,-0.000624,-0.000612,0.653829,-0.657380,-0.070806,0.067623,-0.032948,0.032846,0.072214,-0.072695
0.005861,0.000109,0.688214,-0.000533,-0.000134,0.003084,0.999995,-0.000749,-0.000735,0.641860,-0.645649,-0.054029,0.051246,-0.040319,0.040181,0.079001,-0.079578
0.006676,0.000178,0.690273,-0.000645,-0.000263,0.002846,0.999996,-0.000889,-0.000876,0.629798,-0.633763,-0.037197,0.035090,-0.048239,0.048080,0.085141,-0.085819
0.007477,0.000258,0.692284,-0.000757,-0.000391,0.002609,0.999996,-0.001052,-0.001040,0.617713,-0.621818,-0.020448,0.019278,-0.056637,0.056482,0.090678,-0.091463
0.008254,0.000347,0.694236,-0.000870,-0.000520,0.002371,0.999997,-0.001248,-0.001238,0.605660,-0.609896,-0.003920,0.003928,-0.065440,0.065327,0.095654,-0.096549
0.009002,0.000444,0.696117,-0.001047,-0.000975,0.001954,0.999997,-0.001488,-0.001479,0.593694,-0.598083,0.012254,-0.010855,-0.074579,0.074558,0.100108,-0.101117
0.009716,0.000546,0.697918,-0.001225,-0.001431,0.001538,0.999997,-0.001783,-0.001775,0.581874,-0.586468,0.027962,-0.025005,-0.083997,0.084129,0.104081,-0.105206
0.010392,0.000652,0.699633,-0.001403,-0.001886,0.001121,0.999997,-0.002148,-0.002141,0.570258,-0.575147,0.043102,-0.038464,-0.093637,0.094000,0.107614,-0.108857
0.011029,0.000761,0.701254,-0.001692,-0.002580,0.000821,0.999995,-0.002595,-0.002589,0.558909,-0.564214,0.057574,-0.051182,-0.103447,0.104130,0.110745,-0.112107
0.011625,0.000869,0.702777,-0.001981,-0.003274,0.000520,0.999993,-0.003132,-0.003126,0.547910,-0.553770,0.071301,-0.063128,-0.113387,0.114490,0.113500,-0.114982
0.012181,0.000977,0.704195,-0.002270,-0.003968,0.000220,0.999990,-0.003763,-0.003757,0.537347,-0.543918,0.084211,-0.074281,-0.123418,0.125055,0.115904,-0.117506
0.012697,0.001084,0.705502,-0.002679,-0.004670,0.000253,0.999985,-0.004490,-0.004486,0.527311,-0.534761,0.096234,-0.084613,-0.133504,0.135797,0.117979,-0.119700
0.013172,0.001187,0.706692,-0.003088,-0.005371,0.000287,0.999981,-0.005301,-0.005297,0.517908,-0.526390,0.107297,-0.094089,-0.143616,0.146697,0.119744,-0.121584
0.013607,0.001287,0.707758,-0.003498,-0.006072,0.000320,0.999975,-0.006177,-0.006174,0.509251,-0.518898,0.117327,-0.102670,-0.153726,0.157732,0.121219,-0.123175
0.013999,0.001381,0.708695,-0.003951,-0.006552,0.000692,0.999970,-0.007098,-0.007095,0.501450,-0.512369,0.126243,-0.110306,-0.163809,0.168882,0.122420,-0.124490
0.014347,0.001471,0.709493,-0.004405,-0.007033,0.001064,0.999965,-0.008024,-0.008022,0.494621,-0.506868,0.133941,-0.116913,-0.173841,0.180127,0.123363,-0.125544
0.014644,0.001554,0.710148,-0.004859,-0.007513,0.001437,0.999959,-0.008913,-0.008911,0.488877,-0.502453,0.140308,-0.122398,-0.183802,0.191446,0.124065,-0.126354
0.014885,0.001630,0.710649,-0.005194,-0.007708,0.001939,0.999955,-0.009720,-0.009717,0.484333,-0.499179,0.145222,-0.126658,-0.193670,0.202819,0.124540,-0.126933
0.015063,0.001698,0.710988,-0.005529,-0.007903,0.002441,0.999951,-0.010395,-0.010391,0.481094,-0.497086,0.148536,-0.129552,-0.203428,0.214223,0.124806,-0.127298
0.015169,0.001757,0.711157,-0.005864,-0.008098,0.002943,0.999946,-0.010885,-0.010879,0.479261,-0.496211,0.150091,-0.130934,-0.213060,0.225640,0.124877,-0.127465
0.015192,0.001807,0.711143,-0.005895,-0.008119,0.003295,0.999944,-0.011144,-0.011135,0.478935,-0.496594,0.149728,-0.130650,-0.222550,0.237048,0.124770,-0.127448
0.015123,0.001846,0.710935,-0.005926,-0.008141,0.003646,0.999943,-0.011138,-0.011126,0.480207,-0.498292,0.147287,-0.128536,-0.231887,0.248430,0.124503,-0.127264
0.014954,0.001875,0.710517,-0.005956,-0.008162,0.003997,0.999941,-0.010842,-0.010826,0.483166,-0.501364,0.142603,-0.124424,-0.241060,0.259768,0.124092,-0.126932
0.014675,0.001894,0.709873,-0.005596,-0.008134,0.004055,0.999943,-0.010235,-0.010217,0.487900,-0.505883,0.135524,-0.118149,-0.250063,0.271046,0.123557,-0.126469
0.014282,0.001904,0.708982,-0.005235,-0.008106,0.004112,0.999945,-0.009337,-0.009316,0.494496,-0.511967,0.125930,-0.109569,-0.258891,0.282253,0.122915,-0.125893
0.013769,0.001905,0.707820,-0.004875,-0.008078,0.004170,0.999947,-0.008176,-0.008153,0.503040,-0.519745,0.113716,-0.098546,-0.267546,0.293380,0.122188,-0.125225
0.013135,0.001898,0.706361,-0.004244,-0.007923,0.004056,0.999951,-0.006791,-0.006766,0.513617,-0.529358,0.098785,-0.084953,-0.276029,0.304419,0.121395,-0.124485
0.012382,0.001887,0.704574,-0.003612,-0.007768,0.003942,0.999956,-0.005260,-0.005233,0.526318,-0.540985,0.081104,-0.068703,-0.284351,0.315369,0.120559,-0.123694
0.011512,0.001872,0.702426,-0.002981,-0.007613,0.003828,0.999959,-0.003673,-0.003644,0.541229,-0.554815,0.060653,-0.049719,-0.292526,0.326232,0.119699,-0.122873
0.010531,0.001856,0.699881,-0.002410,-0.007013,0.003822,0.999965,-0.002122,-0.002089,0.558437,-0.571030,0.037421,-0.027933,-0.300571,0.337012,0.118839,-0.122045
0.009445,0.001842,0.696904,-0.001840,-0.006413,0.003815,0.999970,-0.000710,-0.000674,0.578014,-0.589785,0.011435,-0.003305,-0.308516,0.347724,0.117999,-0.121230
0.008261,0.001832,0.693455,-0.001270,-0.005814,0.003809,0.999975,0.000455,0.000495,0.600028,-0.611228,-0.017267,0.024194,-0.316394,0.358383,0.117200,-0.120449
0.006985,0.001828,0.689496,-0.001133,-0.004513,0.004020,0.999981,0.001278,0.001325,0.624538,-0.635474,-0.048651,0.054596,-0.324244,0.369009,0.116461,-0.119722
0.005622,0.001835,0.684990,-0.000995,-0.003213,0.004230,0.999985,0.001711,0.001765,0.651550,-0.662518,-0.082694,0.087927,-0.332119,0.379635,0.115798,-0.119066
0.004174,0.001853,0.679900,-0.000857,-0.001913,0.004441,0.999988,0.001717,0.001780,0.681058,-0.692321,-0.119374,0.124216,-0.340079,0.390294,0.115227,-0.118495
0.002644,0.001886,0.674190,-0.001252,-0.000193,0.004568,0.999989,0.001284,0.001355,0.713034,-0.724808,-0.158677,0.163484,-0.348187,0.401028,0.114760,-0.118023
0.001033,0.001937,0.667830,-0.001646,0.001526,0.004694,0.999986,0.000488,0.000564,0.747361,-0.759750,-0.200616,0.205742,-0.356525,0.411892,0.114404,-0.117656
-0.000660,0.002006,0.660791,-0.002041,0.003246,0.004821,0.999981,-0.000572,-0.000493,0.783901,-0.796881,-0.245211,0.250993,-0.365180,0.422947,0.114162,-0.117398
-0.002432,0.002095,0.653047,-0.002599,0.004444,0.004421,0.999977,-0.001782,-0.001705,0.822495,-0.835922,-0.292469,0.299217,-0.374243,0.434260,0.114036,-0.117252
-0.004273,0.002203,0.644585,-0.003158,0.005642,0.004022,0.999971,-0.002976,-0.002904,0.862902,-0.876552,-0.342353,0.350285,-0.383821,0.445917,0.114017,-0.117210
-0.006170,0.002326,0.635398,-0.003717,0.006839,0.003623,0.999963,-0.003972,-0.003907,0.904866,-0.918436,-0.394816,0.404044,-0.394025,0.458010,0.114096,-0.117263
-0.008106,0.002459,0.625484,-0.003850,0.006617,0.002787,0.999967,-0.004605,-0.004548,0.948139,-0.961280,-0.449762,0.460288,-0.404968,0.470635,0.114259,-0.117397
-0.010042,0.002592,0.614870,-0.003982,0.006395,0.001950,0.999970,-0.004779,-0.004729,0.992517,-1.004950,-0.506906,0.518602,-0.416779,0.483910,0.114480,-0.117585
-0.011933,0.002712,0.603593,-0.004115,0.006173,0.001114,0.999972,-0.004413,-0.004367,1.037806,-1.049349,-0.565915,0.578517,-0.429587,0.497957,0.114726,-0.117799
-0.013733,0.002806,0.591699,-0.003617,0.004944,0.000569,0.999981,-0.003466,-0.003423,1.083845,-1.094417,-0.626392,0.639522,-0.443524,0.512898,0.114970,-0.118008
-0.015374,0.002864,0.579290,-0.003119,0.003716,0.000024,0.999988,-0.002064,-0.002020,1.130589,-1.140243,-0.687675,0.700926,-0.458710,0.528849,0.115186,-0.118189
-0.016786,0.002874,0.566480,-0.002621,0.002487,-0.000521,0.999993,-0.000375,-0.000326,1.178024,-1.186951,-0.749039,0.761993,-0.475264,0.545923,0.115351,-0.118318
-0.017903,0.002829,0.553397,-0.002040,0.002247,-0.000372,0.999995,0.001412,0.001469,1.226113,-1.234618,-0.809729,0.821990,-0.493311,0.564239,0.115432,-0.118363
-0.018679,0.002743,0.540227,-0.001459,0.002006,-0.000222,0.999997,0.003007,0.003067,1.274726,-1.283126,-0.868867,0.880197,-0.512993,0.583930,0.115359,-0.118254
-0.019069,0.002633,0.527171,-0.000878,0.001766,-0.000073,0.999998,0.004098,0.004145,1.323709,-1.332308,-0.925551,0.935895,-0.534459,0.605133,0.115055,-0.117915
-0.019048,0.002515,0.514440,-0.001028,0.003179,0.000284,0.999994,0.004435,0.004452,1.372551,-1.381624,-0.978991,0.988459,-0.557810,0.627944,0.114485,-0.117308
-0.018654,0.002402,0.502296,-0.001178,0.004592,0.000642,0.999989,0.004028,0.004032,1.419308,-1.429026,-1.028873,1.037637,-0.582966,0.652291,0.113784,-0.116570
-0.017939,0.002303,0.491013,-0.001329,0.006005,0.000999,0.999981,0.002952,0.003000,1.461678,-1.472094,-1.074999,1.083265,-0.609798,0.678063,0.113127,-0.115876
-0.016977,0.002229,0.480874,-0.001792,0.004586,0.001149,0.999987,0.001388,0.001546,1.497594,-1.508655,-1.117033,1.125024,-0.638283,0.705251,0.112559,-0.115268
-0.015912,0.002179,0.472214,-0.002255,0.003167,0.001298,0.999992,-0.000052,0.000155,1.525929,-1.537528,-1.154077,1.161952,-0.668808,0.734281,0.111584,-0.114250
-0.014911,0.002156,0.465375,-0.002718,0.001748,0.001447,0.999994,-0.000652,-0.000612,1.545789,-1.557782,-1.185096,1.192927,-0.701863,0.765681,0.109572,-0.112190
-0.013954,0.002131,0.460788,-0.001279,0.003720,0.000912,0.999992,0.000261,-0.000120,1.557022,-1.568971,-1.208036,1.215744,-0.737445,0.799502,0.106443,-0.109009
-0.012290,0.001963,0.459218,0.000159,0.005692,0.000378,0.999984,0.003167,0.002580,1.562432,-1.572597,-1.216763,1.223860,-0.773580,0.833869,0.104325,-0.106831
-0.008983,0.001480,0.461516,0.001597,0.007664,-0.000157,0.999969,0.008499,0.008513,1.565564,-1.570650,-1.204123,1.209644,-0.807799,0.866429,0.105897,-0.108334
-0.003759,0.000684,0.468387,0.002558,0.017323,-0.003233,0.999841,0.015519,0.017074,1.565608,-1.561932,-1.166052,1.169368,-0.839354,0.896451,0.111826,-0.114182
0.001022,0.000256,0.479944,0.003519,0.026981,-0.006309,0.999610,0.018797,0.021138,1.544347,-1.532504,-1.110835,1.114889,-0.874372,0.929700,0.114729,-0.116990
0.002338,0.001048,0.496154,0.004479,0.036637,-0.009385,0.999275,0.011735,0.011949,1.479209,-1.465242,-1.049846,1.061966,-0.920700,0.973563,0.105210,-0.107363
-0.001716,0.003430,0.517363,-0.004800,-0.013328,-0.009006,0.999859,-0.008832,-0.014150,1.351450,-1.344832,-0.987732,1.016625,-0.982780,1.032254,0.076684,-0.078708
-0.008580,0.005834,0.545433,-0.014066,-0.063257,-0.008603,0.997861,-0.032330,-0.040419,1.157638,-1.163202,-0.902240,0.945972,-1.051436,1.097293,0.033789,-0.035658
-0.014577,0.006211,0.582606,-0.023296,-0.113024,-0.008179,0.993285,-0.044747,-0.045021,0.898167,-0.914090,-0.764390,0.807381,-1.114090,1.157027,-0.016025,0.014351
-0.016230,0.003262,0.629223,-0.009522,-0.133901,-0.005204,0.990935,-0.035353,-0.015512,0.590960,-0.608567,-0.555664,0.573587,-1.161866,1.203224,-0.065850,0.064418
-0.010863,-0.001313,0.678021,0.004258,-0.154692,-0.002227,0.987951,-0.006527,0.022973,0.324059,-0.327025,-0.299387,0.278755,-1.200707,1.241354,-0.110930,0.109770
0.004001,-0.005061,0.719838,0.018034,-0.175385,0.000752,0.984335,0.036068,0.035903,0.203034,-0.167186,-0.029343,-0.027588,-1.240256,1.280308,-0.147048,0.146168
0.028610,-0.006170,0.747971,0.015272,-0.084685,-0.005223,0.996277,0.085387,-0.000187,0.292033,-0.193049,0.214180,-0.293835,-1.286251,1.325367,-0.171074,0.170479
0.054291,-0.005396,0.765554,0.012381,0.006727,-0.011154,0.999839,0.128833,-0.064513,0.489513,-0.333708,0.364899,-0.460041,-1.328795,1.367361,-0.184215,0.183982
0.070141,-0.004135,0.778178,0.009386,0.098083,-0.016991,0.994989,0.152427,-0.125229,0.652513,-0.484535,0.350027,-0.464182,-1.354085,1.393511,-0.188766,0.189060
0.068544,-0.003473,0.790142,0.003592,0.061381,0.000568,0.998108,0.145820,-0.155631,0.679290,-0.565925,0.125158,-0.268225,-1.352447,1.394550,-0.186945,0.187976
0.055032,-0.003263,0.800562,-0.002208,0.024574,0.018126,0.999531,0.113199,-0.149601,0.632992,-0.598375,-0.240612,0.069881,-1.330743,1.375272,-0.180664,0.182511
0.038424,-0.003043,0.807261,-0.008005,-0.012274,0.035654,0.999257,0.062388,-0.106160,0.617988,-0.627404,-0.649808,0.468196,-1.299966,1.343986,-0.171757,0.174327
0.025887,-0.002483,0.808873,-0.004869,-0.014958,0.018654,0.999702,0.003081,-0.030420,0.707514,-0.685504,-1.019613,0.854515,-1.269280,1.308064,-0.161863,0.164932
0.017985,-0.001755,0.807289,-0.001732,-0.017638,0.001648,0.999842,-0.047531,0.048159,0.850269,-0.753037,-1.325842,1.195604,-1.240531,1.271134,-0.151841,0.155223
0.013628,-0.001161,0.805213,0.001406,-0.020312,-0.015358,0.999675,-0.070384,0.094033,0.963818,-0.797337,-1.558966,1.467967,-1.213735,1.235887,-0.142352,0.145945
0.011788,-0.000916,0.804740,0.000469,-0.017744,-0.013406,0.999753,-0.053778,0.083361,0.986073,-0.794115,-1.715407,1.656944,-1.189026,1.204565,-0.134009,0.137779
0.011683,-0.000900,0.805530,-0.000469,-0.015175,-0.011454,0.999819,-0.015461,0.039132,0.936341,-0.752592,-1.815383,1.783235,-1.167009,1.177605,-0.127221,0.131151
0.012590,-0.000910,0.806634,-0.001406,-0.012606,-0.009502,0.999874,0.019458,-0.003958,0.854276,-0.690371,-1.885063,1.876375,-1.148405,1.154994,-0.122346,0.126425
0.013906,-0.000795,0.807129,-0.001551,-0.009466,-0.007640,0.999925,0.031955,-0.019573,0.772360,-0.622301,-1.946599,1.960824,-1.133632,1.136572,-0.119570,0.123789
0.015501,-0.000623,0.806192,-0.001696,-0.006326,-0.005779,0.999962,0.027358,-0.014810,0.694381,-0.552238,-2.006082,2.040745,-1.121878,1.121591,-0.118376,0.122726
0.017364,-0.000519,0.803027,-0.001841,-0.003185,-0.003917,0.999986,0.017085,-0.005123,0.616954,-0.481285,-2.065584,2.115224,-1.112031,1.109154,-0.118075,0.122547
0.019519,-0.000573,0.797004,-0.001122,0.000575,-0.003316,0.999994,0.010048,-0.002676,0.537790,-0.409948,-2.126281,2.183203,-1.102801,1.098137,-0.117946,0.122529
0.022131,-0.000760,0.788157,-0.000402,0.004336,-0.002715,0.999987,0.005158,-0.006472,0.458979,-0.336327,-2.185748,2.243038,-1.092214,1.086487,-0.117141,0.121825
0.025399,-0.001021,0.776688,0.000318,0.008097,-0.002113,0.999965,-0.001179,-0.012225,0.383707,-0.257923,-2.240663,2.292938,-1.078123,1.071924,-0.114784,0.119557
0.029769,-0.001262,0.762721,-0.000110,0.012389,-0.002247,0.999921,-0.010514,-0.016617,0.309725,-0.172290,-2.284401,2.327252,-1.058656,1.052496,-0.109999,0.114852
0.036672,-0.001237,0.746078,-0.000538,0.016682,-0.002382,0.999858,-0.016232,-0.020214,0.213049,-0.077190,-2.297125,2.324878,-1.033048,1.027567,-0.101924,0.106854
0.047784,-0.000664,0.726503,-0.000965,0.020975,-0.002516,0.999776,-0.009676,-0.024552,0.064260,0.029558,-2.255696,2.260852,-1.000807,0.996832,-0.089702,0.094711
0.064007,0.000563,0.703420,0.001041,0.015303,0.006815,0.999859,0.013610,-0.030199,-0.154130,0.152216,-2.144373,2.120043,-0.962203,0.960540,-0.072945,0.078040
0.083138,0.001844,0.674971,0.003048,0.009630,0.016144,0.999819,0.041278,-0.033856,-0.411895,0.303355,-1.977024,1.926647,-0.920548,0.921164,-0.053149,0.058320
0.102198,0.002399,0.638973,0.005054,0.003956,0.025472,0.999655,0.056778,-0.031258,-0.666876,0.497623,-1.774916,1.714694,-0.879911,0.881732,-0.032281,0.037498
0.118611,0.001713,0.594637,0.004771,-0.004624,0.017021,0.999833,0.048880,-0.019926,-0.885044,0.739417,-1.558686,1.512790,-0.844796,0.846072,-0.012276,0.017496
0.131400,0.000320,0.546737,0.004487,-0.013204,0.008568,0.999866,0.027627,-0.004541,-1.064879,0.992120,-1.346437,1.327845,-0.821444,0.821204,0.005056,0.000146
0.139993,-0.000983,0.501438,0.004203,-0.021782,0.000114,0.999754,0.008382,0.008431,-1.212990,1.208864,-1.155644,1.161346,-0.816526,0.814950,0.017940,-0.012745
0.144198,-0.001596,0.463652,0.005279,-0.019942,0.000118,0.999787,0.002748,0.014250,-1.334727,1.354481,-0.999909,1.014930,-0.833520,0.831647,0.025151,-0.019929
0.145353,-0.001714,0.433273,0.006355,-0.018102,0.000123,0.999816,0.007302,0.015095,-1.430408,1.440608,-0.877354,0.890842,-0.863112,0.861707,0.027688,-0.022411
0.145177,-0.001731,0.408941,0.007432,-0.016262,0.000127,0.999840,0.014859,0.014874,-1.499093,1.490584,-0.782232,0.791477,-0.892794,0.892059,0.027102,-0.021757
0.145089,-0.001926,0.389459,0.007893,-0.007158,0.000051,0.999943,0.019494,0.016411,-1.541196,1.524137,-0.709310,0.717864,-0.912796,0.912484,0.024750,-0.019335
0.145295,-0.002127,0.374266,0.008353,0.001947,-0.000025,0.999963,0.020304,0.018190,-1.562547,1.546562,-0.655414,0.665556,-0.924309,0.924181,0.021214,-0.015728
0.145703,-0.002046,0.362962,0.008812,0.011052,-0.000102,0.999900,0.017641,0.017611,-1.570332,1.559547,-0.617890,0.628740,-0.931266,0.931201,0.016884,-0.011320
0.146217,-0.001511,0.355128,0.006377,0.017025,-0.000078,0.999835,0.012249,0.013086,-1.571050,1.564964,-0.593994,0.602468,-0.936829,0.936803,0.012124,-0.006475
0.146752,-0.000810,0.350257,0.003942,0.022997,-0.000054,0.999728,0.006450,0.007080,-1.568461,1.565431,-0.580643,0.585265,-0.941083,0.941090,0.007208,-0.001469
0.147223,-0.000345,0.347823,0.001506,0.028968,-0.000030,0.999579,0.002956,0.003072,-1.565634,1.563751,-0.574671,0.576525,-0.943345,0.943374,0.002386,0.003445
0.147557,-0.000388,0.347347,0.002308,0.027949,-0.000051,0.999607,0.003529,0.003430,-1.564967,1.562338,-0.573471,0.575429,-0.943140,0.943178,-0.002131,0.008051
0.147734,-0.000699,0.348552,0.003110,0.026929,-0.000072,0.999633,0.006134,0.006089,-1.566145,1.562047,-0.576695,0.580331,-0.940841,0.940875,-0.006279,0.012287
0.147747,-0.000907,0.351207,0.003913,0.025910,-0.000094,0.999657,0.007784,0.007873,-1.568180,1.563345,-0.584556,0.589373,-0.937032,0.937049,-0.010034,0.016127
0.147602,-0.000724,0.355097,0.001770,0.020233,-0.000050,0.999794,0.006152,0.006304,-1.570012,1.566302,-0.597173,0.601056,-0.932230,0.932227,-0.013383,0.019556
0.147375,-0.000187,0.360062,-0.000374,0.014556,-0.000005,0.999894,0.001543,0.001684,-1.570310,1.569398,-0.614280,0.615309,-0.926702,0.926700,-0.016357,0.022606
0.147155,0.000588,0.365957,-0.002517,0.008878,0.000039,0.999957,-0.005078,-0.004992,-1.567670,1.570716,-0.635519,0.632420,-0.920648,0.920702,-0.018998,0.025317
0.147021,0.001463,0.372643,-0.005476,0.003861,0.000011,0.999978,-0.012575,-0.012557,-1.560942,1.568471,-0.660442,0.652685,-0.914257,0.914440,-0.021350,0.027731
0.147005,0.002228,0.380010,-0.008434,-0.001156,-0.000017,0.999964,-0.019130,-0.019171,-1.549968,1.561396,-0.688263,0.676442,-0.907664,0.908026,-0.023457,0.029892
0.147131,0.002652,0.387955,-0.011393,-0.006174,-0.000045,0.999916,-0.022752,-0.022822,-1.534842,1.548358,-0.718106,0.704036,-0.900992,0.901546,-0.025363,0.031844
0.147403,0.002592,0.396373,-0.010290,-0.007847,-0.000049,0.999916,-0.022193,-0.022251,-1.515732,1.528752,-0.749273,0.735530,-0.894329,0.895063,-0.027109,0.033626
0.147760,0.002245,0.405141,-0.009187,-0.009520,-0.000054,0.999912,-0.019179,-0.019202,-1.493106,1.504102,-0.781759,0.769848,-0.887611,0.888534,-0.028719,0.035261
0.148124,0.001898,0.414137,-0.008085,-0.011193,-0.000058,0.999905,-0.016175,-0.016167,-1.467509,1.476463,-0.815733,0.805627,-0.880739,0.881890,-0.030209,0.036767
0.148426,0.001756,0.423246,-0.007659,-0.011047,-0.000061,0.999910,-0.014972,-0.014957,-1.439553,1.447561,-0.851200,0.841766,-0.873644,0.875067,-0.031596,0.038159
0.148641,0.001712,0.432394,-0.007233,-0.010900,-0.000063,0.999914,-0.014652,-0.014644,-1.410140,1.417806,-0.887510,0.878207,-0.866376,0.868010,-0.032887,0.039445
0.148750,0.001584,0.441515,-0.006808,-0.010753,-0.000066,0.999919,-0.013618,-0.013614,-1.380237,1.387281,-0.923851,0.915153,-0.859012,0.860666,-0.034087,0.040629
0.148741,0.001245,0.450551,-0.005218,-0.010004,-0.000055,0.999936,-0.010788,-0.010773,-1.350620,1.356145,-0.959601,0.952672,-0.851608,0.853013,-0.035202,0.041717
0.148613,0.000810,0.459463,-0.003628,-0.009254,-0.000045,0.999951,-0.007124,-0.007090,-1.321273,1.324868,-0.994914,0.990299,-0.844119,0.845139,-0.036235,0.042710
0.148370,0.000453,0.468216,-0.002038,-0.008505,-0.000034,0.999962,-0.004101,-0.004050,-1.291988,1.294000,-1.030136,1.027439,-0.836478,0.837165,-0.037188,0.043612
0.148016,0.000307,0.476781,-0.002105,-0.007590,-0.000030,0.999969,-0.002855,-0.002799,-1.262637,1.263993,-1.065517,1.063606,-0.828633,0.829188,-0.038065,0.044426
0.147557,0.000348,0.485141,-0.002173,-0.006675,-0.000027,0.999975,-0.003173,-0.003121,-1.233423,1.234920,-1.100912,1.098773,-0.820599,0.821240,-0.038868,0.045156
0.147000,0.000508,0.493283,-0.002240,-0.005760,-0.000023,0.999981,-0.004502,-0.004459,-1.204629,1.206758,-1.136078,1.133027,-0.812406,0.813328,-0.039604,0.045806
0.146351,0.000720,0.501196,-0.002933,-0.004976,-0.000020,0.999983,-0.006278,-0.006242,-1.176526,1.179472,-1.170772,1.166472,-0.804097,0.805451,-0.040275,0.046380
0.145619,0.000912,0.508876,-0.003626,-0.004193,-0.000016,0.999985,-0.007874,-0.007844,-1.149315,1.152977,-1.204736,1.199289,-0.795765,0.797551,-0.040886,0.046885
0.144813,0.001007,0.516321,-0.004318,-0.003409,-0.000013,0.999985,-0.008651,-0.008622,-1.123181,1.127177,-1.237711,1.231677,-0.787518,0.789556,-0.041441,0.047324
0.143941,0.000955,0.523530,-0.003736,-0.002899,-0.000009,0.999989,-0.008173,-0.008140,-1.098253,1.102010,-1.269515,1.263771,-0.779433,0.781419,-0.041946,0.047702
0.143012,0.000800,0.530506,-0.003153,-0.002389,-0.000006,0.999992,-0.006817,-0.006778,-1.074422,1.077544,-1.300279,1.295448,-0.771484,0.773193,-0.042404,0.048024
0.142035,0.000610,0.537254,-0.002571,-0.001879,-0.000002,0.999995,-0.005165,-0.005119,-1.051523,1.053878,-1.330212,1.326519,-0.763616,0.764953,-0.042817,0.048294
0.141018,0.000438,0.543779,-0.001879,-0.001612,-0.000001,0.999997,-0.003679,-0.003627,-1.029410,1.031080,-1.359488,1.356842,-0.755787,0.756763,-0.043190,0.048515
0.139968,0.000284,0.550091,-0.001188,-0.001346,0.000001,0.999998,-0.002344,-0.002287,-1.008024,1.009078,-1.388138,1.386461,-0.748000,0.748623,-0.043524,0.048690
0.138891,0.000131,0.556200,-0.000496,-0.001079,0.000002,0.999999,-0.001023,-0.000962,-0.987322,0.987768,-1.416161,1.415462,-0.740269,0.740521,-0.043821,0.048821
0.137793,-0.000038,0.562117,0.000425,-0.000955,0.000002,0.999999,0.000431,0.000494,-0.967270,0.967046,-1.443550,1.443946,-0.732609,0.732438,-0.044082,0.048911
0.136678,-0.000246,0.567857,0.001345,-0.000831,0.000003,0.999999,0.002207,0.002268,-0.947850,0.946803,-1.470290,1.472051,-0.725044,0.724330,-0.044307,0.048959
0.135548,-0.000514,0.573435,0.002266,-0.000707,0.000003,0.999997,0.004503,0.004559,-0.929051,0.926930,-1.496360,1.499926,-0.717595,0.716150,-0.044496,0.048966
0.134405,-0.000856,0.578865,0.003888,-0.000680,0.000005,0.999992,0.007436,0.007481,-0.910845,0.907342,-1.521771,1.527685,-0.710274,0.707862,-0.044647,0.048932
0.133251,-0.001246,0.584160,0.005511,-0.000653,0.000006,0.999985,0.010788,0.010819,-0.893142,0.888046,-1.546657,1.555305,-0.703035,0.699484,-0.044757,0.048853
0.132085,-0.001649,0.589333,0.007133,-0.000626,0.000008,0.999974,0.014259,0.014273,-0.875839,0.869072,-1.571183,1.582727,-0.695823,0.691046,-0.044823,0.048728
0.130910,-0.002032,0.594396,0.008535,-0.000697,0.000012,0.999963,0.017560,0.017555,-0.858833,0.850447,-1.595509,1.609894,-0.688579,0.682580,-0.044842,0.048553
0.129724,-0.002367,0.599361,0.009938,-0.000767,0.000015,0.999950,0.020450,0.020428,-0.842027,0.832190,-1.619793,1.636755,-0.681244,0.674119,-0.044806,0.048322
0.128528,-0.002627,0.604240,0.011340,-0.000838,0.000019,0.999935,0.022698,0.022662,-0.825322,0.814316,-1.644187,1.663260,-0.673760,0.665693,-0.044709,0.048030
0.127322,-0.002790,0.609042,0.011610,-0.000977,0.000022,0.999932,0.024114,0.024069,-0.808628,0.796831,-1.668829,1.689368,-0.666074,0.657331,-0.044545,0.047670
0.126108,-0.002852,0.613772,0.011879,-0.001117,0.000026,0.999929,0.024655,0.024607,-0.791871,0.779692,-1.693784,1.715084,-0.658165,0.649043,-0.044304,0.047233
0.124887,-0.002813,0.618432,0.012148,-0.001256,0.000029,0.999925,0.024319,0.024274,-0.774984,0.762845,-1.719102,1.740423,-0.650019,0.640837,-0.043976,0.046711
0.123661,-0.002675,0.623028,0.011242,-0.001363,0.000030,0.999936,0.023133,0.023098,-0.757910,0.746233,-1.744823,1.765416,-0.641627,0.632710,-0.043552,0.046095
0.122427,-0.002457,0.627563,0.010336,-0.001470,0.000031,0.999946,0.021252,0.021231,-0.740638,0.729780,-1.770941,1.790164,-0.632994,0.624629,-0.043020,0.045374
0.121185,-0.002181,0.632046,0.009430,-0.001577,0.000032,0.999954,0.018862,0.018857,-0.723170,0.713410,-1.797443,1.814785,-0.624134,0.616553,-0.042371,0.044537
0.119934,-0.001872,0.636480,0.008222,-0.001604,0.000030,0.999965,0.016189,0.016200,-0.705519,0.697031,-1.824283,1.839413,-0.615072,0.608430,-0.041591,0.043574
0.118672,-0.001575,0.640863,0.007014,-0.001631,0.000028,0.999974,0.013622,0.013648,-0.687752,0.680506,-1.851295,1.864252,-0.605887,0.600176,-0.040670,0.042474
0.117402,-0.001341,0.645193,0.005806,-0.001657,0.000026,0.999982,0.011594,0.011630,-0.669952,0.663684,-1.878280,1.889524,-0.596675,0.591699,-0.039594,0.041224
0.116122,-0.001206,0.649465,0.005569,-0.001546,0.000024,0.999983,0.010429,0.010470,-0.652184,0.646456,-1.905081,1.915393,-0.587512,0.582928,-0.038352,0.039814
0.114835,-0.001160,0.653674,0.005333,-0.001434,0.000022,0.999985,0.010024,0.010066,-0.634453,0.628863,-1.931700,1.941798,-0.578397,0.573889,-0.036932,0.038231
0.113541,-0.001177,0.657811,0.005096,-0.001323,0.000020,0.999986,0.010172,0.010211,-0.616746,0.610986,-1.958182,1.968623,-0.569310,0.564628,-0.035323,0.036466
0.112240,-0.001237,0.661871,0.005468,-0.001120,0.000017,0.999984,0.010684,0.010719,-0.599067,0.592916,-1.984549,1.995744,-0.560239,0.555196,-0.033511,0.034506
0.110936,-0.001326,0.665839,0.005841,-0.000917,0.000015,0.999983,0.011459,0.011489,-0.581488,0.574777,-2.010755,2.023013,-0.551195,0.545648,-0.031482,0.032336
0.109632,-0.001437,0.669704,0.006213,-0.000714,0.000012,0.999980,0.012414,0.012439,-0.564093,0.556704,-2.036733,2.050273,-0.542194,0.536043,-0.029218,0.029939
0.108332,-0.001564,0.673448,0.006927,-0.000569,0.000010,0.999976,0.013512,0.013533,-0.547001,0.538830,-2.062363,2.077376,-0.533276,0.526434,-0.026705,0.027303
0.107045,-0.001722,0.677048,0.007641,-0.000425,0.000008,0.999971,0.014885,0.014900,-0.530447,0.521279,-2.087318,2.104206,-0.524573,0.516852,-0.023947,0.024430
0.105780,-0.001933,0.680476,0.008355,-0.000280,0.000006,0.999965,0.016707,0.016714,-0.514697,0.504172,-2.111214,2.130652,-0.516237,0.507325,-0.020946,0.021326
0.104552,-0.002182,0.683702,0.008686,-0.000268,0.000005,0.999962,0.018860,0.018858,-0.499910,0.487735,-2.133838,2.156373,-0.508343,0.497983,-0.017709,0.017995
0.103387,-0.002320,0.686687,0.009018,-0.000256,0.000004,0.999959,0.020052,0.020044,-0.485807,0.472605,-2.155639,2.180115,-0.500650,0.489375,-0.014232,0.014437
0.102312,-0.002164,0.689386,0.009349,-0.000244,0.000004,0.999956,0.018698,0.018696,-0.472000,0.459522,-2.177231,2.200390,-0.492839,0.482158,-0.010513,0.010647
0.101361,-0.001601,0.691753,0.006233,-0.000169,0.000002,0.999981,0.013822,0.013841,-0.458393,0.449091,-2.198755,2.216029,-0.484801,0.476829,-0.006626,0.006702
0.100575,-0.000800,0.693715,0.003116,-0.000094,0.000001,0.999995,0.006887,0.006934,-0.446046,0.441378,-2.218445,2.227117,-0.477272,0.473268,-0.002965,0.002996
0.100000,0.000000,0.695198,-0.000000,-0.000019,0.000000,1.000000,-0.000036,0.000036,-0.436312,0.436312,-2.234056,2.234056,-0.471201,0.471201,0.000000,-0.000000
0.099683,0.000559,0.696123,-0.000000,-0.000012,0.000000,1.000000,-0.004872,-0.004794,-0.430542,0.433824,-2.243348,2.237249,-0.467533,0.470350,0.001797,-0.001813
0.099668,0.000639,0.696416,-0.000000,-0.000006,0.000000,1.000000,-0.005551,-0.005492,-0.430088,0.433843,-2.244077,2.237096,-0.467217,0.470442,0.001954,-0.001970
