-0.000386,0.000004,0.671981,0.000003,-0.002001,-0.000020,0.999998,0.000009,0.000009,0.728914,-0.728906,-0.177420,0.177459,0.000217,-0.000251,0.009875,-0.009875
-0.000617,0.000009,0.672054,0.000006,-0.004001,-0.000041,0.999992,0.000023,0.000023,0.725591,-0.725574,-0.178964,0.179048,0.000577,-0.000659,0.022166,-0.022166
-0.000702,0.000016,0.672224,0.000009,-0.006001,-0.000061,0.999982,0.000043,0.000043,0.722844,-0.722818,-0.179151,0.179287,0.001029,-0.001172,0.036327,-0.036326
-0.000652,0.000023,0.672496,0.000016,-0.006135,-0.000084,0.999981,0.000067,0.000067,0.720486,-0.720453,-0.177999,0.178190,0.001520,-0.001738,0.051810,-0.051810
-0.000477,0.000030,0.672876,0.000022,-0.006268,-0.000107,0.999980,0.000093,0.000093,0.718332,-0.718293,-0.175529,0.175777,0.001999,-0.002302,0.068070,-0.068069
-0.000187,0.000038,0.673367,0.000028,-0.006401,-0.000130,0.999980,0.000121,0.000121,0.716194,-0.716152,-0.171759,0.172063,0.002415,-0.002814,0.084559,-0.084558
0.000203,0.000047,0.673971,0.000036,-0.005573,-0.000145,0.999984,0.000150,0.000150,0.713896,-0.713854,-0.166754,0.167113,0.002716,-0.003222,0.100791,-0.100790
0.000670,0.000055,0.674678,0.000043,-0.004744,-0.000160,0.999989,0.000180,0.000180,0.711301,-0.711263,-0.160759,0.161168,0.002854,-0.003475,0.116520,-0.116519
0.001183,0.000062,0.675472,0.000051,-0.003916,-0.000176,0.999992,0.000212,0.000212,0.708280,-0.708249,-0.154063,0.154517,0.002780,-0.003526,0.131560,-0.131558
0.001717,0.000070,0.676339,0.000062,-0.003206,-0.000180,0.999995,0.000247,0.000247,0.704733,-0.704712,-0.146927,0.147417,0.002449,-0.003330,0.145743,-0.145741
0.002263,0.000077,0.677267,0.000073,-0.002496,-0.000185,0.999997,0.000286,0.000286,0.700667,-0.700656,-0.139478,0.139997,0.001830,-0.002853,0.158981,-0.158979
0.002815,0.000084,0.678244,0.000084,-0.001786,-0.000189,0.999998,0.000328,0.000328,0.696113,-0.696114,-0.131816,0.132355,0.000893,-0.002068,0.171205,-0.171203
0.003367,0.000090,0.679259,0.000101,-0.001484,-0.000185,0.999999,0.000374,0.000374,0.691117,-0.691128,-0.124029,0.124579,-0.000387,-0.000948,0.182360,-0.182358
0.003920,0.000095,0.680300,0.000117,-0.001183,-0.000181,0.999999,0.000425,0.000425,0.685767,-0.685788,-0.116168,0.116721,-0.002021,0.000517,0.192447,-0.192445
0.004475,0.000101,0.681357,0.000134,-0.000882,-0.000178,1.000000,0.000479,0.000479,0.680162,-0.680191,-0.108274,0.108823,-0.004019,0.002337,0.201483,-0.201480
0.005035,0.000105,0.682418,0.000154,-0.000790,-0.000169,1.000000,0.000536,0.000536,0.674399,-0.674434,-0.100388,0.100926,-0.006387,0.004517,0.209488,-0.209486
0.005600,0.000109,0.683474,0.000175,-0.000698,-0.000161,1.000000,0.000594,0.000594,0.668564,-0.668603,-0.092547,0.093068,-0.009119,0.007053,0.216507,-0.216505
0.006173,0.000113,0.684515,0.000195,-0.000607,-0.000153,1.000000,0.000651,0.000652,0.662738,-0.662781,-0.084784,0.085285,-0.012210,0.009936,0.222589,-0.222586
0.006755,0.000116,0.685533,0.000213,-0.000518,-0.000142,1.000000,0.000706,0.000706,0.656997,-0.657043,-0.077138,0.077616,-0.015648,0.013157,0.227783,-0.227780
0.007344,0.000119,0.686521,0.000230,-0.000428,-0.000130,1.000000,0.000755,0.000755,0.651391,-0.651442,-0.069660,0.070113,-0.019419,0.016700,0.232149,-0.232146
0.007940,0.000121,0.687472,0.000248,-0.000339,-0.000118,1.000000,0.000795,0.000795,0.645962,-0.646021,-0.062401,0.062830,-0.023506,0.020548,0.235746,-0.235743
0.008540,0.000123,0.688379,0.000253,-0.000204,-0.000099,1.000000,0.000825,0.000825,0.640749,-0.640822,-0.055415,0.055820,-0.027890,0.024681,0.238635,-0.238633
0.009142,0.000125,0.689239,0.000258,-0.000068,-0.000079,1.000000,0.000842,0.000842,0.635779,-0.635872,-0.048758,0.049140,-0.032552,0.029081,0.240875,-0.240872
0.009745,0.000126,0.690045,0.000263,0.000067,-0.000060,1.000000,0.000845,0.000845,0.631076,-0.631196,-0.042487,0.042847,-0.037473,0.033726,0.242522,-0.242520
0.010345,0.000127,0.690794,0.000251,0.000211,-0.000027,1.000000,0.000833,0.000833,0.626662,-0.626819,-0.036657,0.036996,-0.042631,0.038598,0.243636,-0.243633
0.010941,0.000128,0.691481,0.000239,0.000354,0.000005,1.000000,0.000808,0.000808,0.622565,-0.622766,-0.031322,0.031638,-0.048011,0.043677,0.244266,-0.244263
0.011532,0.000128,0.692102,0.000227,0.000498,0.000038,1.000000,0.000770,0.000770,0.618809,-0.619063,-0.026532,0.026825,-0.053595,0.048948,0.244464,-0.244461
0.012116,0.000127,0.692653,0.000202,0.000622,0.000086,1.000000,0.000720,0.000720,0.615424,-0.615737,-0.022341,0.022606,-0.059367,0.054394,0.244277,-0.244274
0.012692,0.000126,0.693128,0.000177,0.000746,0.000134,1.000000,0.000661,0.000661,0.612444,-0.612825,-0.018800,0.019034,-0.065317,0.060005,0.243749,-0.243746
0.013259,0.000124,0.693523,0.000152,0.000871,0.000183,1.000000,0.000595,0.000595,0.609909,-0.610361,-0.015964,0.016162,-0.071434,0.065773,0.242919,-0.242916
0.013816,0.000122,0.693831,0.000121,0.000980,0.000242,0.999999,0.000524,0.000524,0.607858,-0.608384,-0.013890,0.014047,-0.077712,0.071691,0.241826,-0.241822
0.014362,0.000120,0.694045,0.000090,0.001088,0.000301,0.999999,0.000450,0.000450,0.606341,-0.606945,-0.012651,0.012763,-0.084149,0.077758,0.240501,-0.240498
0.014895,0.000117,0.694156,0.000059,0.001197,0.000359,0.999999,0.000373,0.000373,0.605411,-0.606093,-0.012326,0.012390,-0.090745,0.083979,0.238975,-0.238971
0.015413,0.000114,0.694155,0.000026,0.001283,0.000421,0.999999,0.000295,0.000296,0.605124,-0.605885,-0.013002,0.013017,-0.097505,0.090357,0.237276,-0.237271
0.015911,0.000111,0.694028,-0.000007,0.001368,0.000483,0.999999,0.000216,0.000216,0.605550,-0.606393,-0.014800,0.014768,-0.104438,0.096906,0.235426,-0.235421
0.016386,0.000108,0.693761,-0.000040,0.001454,0.000545,0.999999,0.000134,0.000134,0.606767,-0.607692,-0.017851,0.017775,-0.111558,0.103641,0.233445,-0.233440
0.016832,0.000105,0.693336,-0.000079,0.001474,0.000605,0.999999,0.000048,0.000049,0.608854,-0.609865,-0.022292,0.022178,-0.118879,0.110581,0.231353,-0.231348
0.017246,0.000104,0.692732,-0.000117,0.001493,0.000665,0.999999,-0.000043,-0.000042,0.611919,-0.613019,-0.028292,0.028149,-0.126425,0.117752,0.229164,-0.229158
0.017620,0.000102,0.691925,-0.000156,0.001513,0.000725,0.999999,-0.000142,-0.000141,0.616070,-0.617268,-0.036027,0.035866,-0.134221,0.125184,0.226891,-0.226884
0.017950,0.000102,0.690890,-0.000210,0.001445,0.000782,0.999999,-0.000252,-0.000251,0.621428,-0.622730,-0.045673,0.045509,-0.142296,0.132907,0.224544,-0.224537
0.018233,0.000103,0.689593,-0.000263,0.001376,0.000839,0.999999,-0.000375,-0.000374,0.628133,-0.629548,-0.057406,0.057254,-0.150683,0.140960,0.222132,-0.222125
0.018465,0.000104,0.688002,-0.000317,0.001308,0.000896,0.999999,-0.000515,-0.000514,0.636333,-0.637871,-0.071403,0.071282,-0.159421,0.149385,0.219662,-0.219654
0.018644,0.000107,0.686082,-0.000396,0.001240,0.000937,0.999999,-0.000674,-0.000672,0.646177,-0.647846,-0.087829,0.087762,-0.168548,0.158222,0.217139,-0.217131
0.018772,0.000112,0.683794,-0.000475,0.001172,0.000979,0.999999,-0.000853,-0.000851,0.657818,-0.659622,-0.106818,0.106830,-0.178109,0.167520,0.214568,-0.214560
0.018852,0.000118,0.681095,-0.000554,0.001104,0.001020,0.999999,-0.001055,-0.001053,0.671406,-0.673345,-0.128496,0.128617,-0.188149,0.177328,0.211951,-0.211943
0.018885,0.000125,0.677947,-0.000665,0.001210,0.001016,0.999999,-0.001280,-0.001279,0.687082,-0.689151,-0.152975,0.153237,-0.198716,0.187694,0.209291,-0.209283
0.018879,0.000134,0.674307,-0.000775,0.001317,0.001012,0.999998,-0.001530,-0.001529,0.704939,-0.707128,-0.180321,0.180757,-0.209860,0.198670,0.206589,-0.206582
0.018841,0.000146,0.670134,-0.000886,0.001423,0.001008,0.999998,-0.001805,-0.001803,0.725058,-0.727350,-0.210586,0.211229,-0.221630,0.210306,0.203847,-0.203841
0.018779,0.000159,0.665391,-0.001026,0.001751,0.000944,0.999997,-0.002103,-0.002102,0.747492,-0.749867,-0.243810,0.244689,-0.234078,0.222654,0.201066,-0.201060
0.018704,0.000173,0.660046,-0.001166,0.002079,0.000880,0.999997,-0.002423,-0.002422,0.772188,-0.774624,-0.279978,0.281109,-0.247250,0.235759,0.198246,-0.198241
0.018627,0.000188,0.654072,-0.001306,0.002407,0.000816,0.999996,-0.002758,-0.002758,0.799063,-0.801540,-0.319061,0.320446,-0.261194,0.249669,0.195387,-0.195383
0.018563,0.000203,0.647446,-0.001449,0.002681,0.000744,0.999995,-0.003104,-0.003104,0.828007,-0.830507,-0.361002,0.362624,-0.275958,0.264427,0.192489,-0.192487
0.018534,0.000215,0.640170,-0.001593,0.002955,0.000672,0.999994,-0.003447,-0.003448,0.858789,-0.861300,-0.405630,0.407447,-0.291579,0.280067,0.189552,-0.189552
0.018566,0.000222,0.632248,-0.001737,0.003229,0.000599,0.999993,-0.003773,-0.003774,0.891150,-0.893667,-0.452744,0.454689,-0.308094,0.296621,0.186576,-0.186579
0.018689,0.000221,0.623699,-0.001821,0.003082,0.000602,0.999993,-0.004066,-0.004068,0.924811,-0.927336,-0.502095,0.504078,-0.325538,0.314117,0.183559,-0.183566
0.018945,0.000212,0.614592,-0.001904,0.002934,0.000604,0.999994,-0.004307,-0.004309,0.959426,-0.961953,-0.553231,0.555155,-0.343930,0.332565,0.180503,-0.180513
0.019383,0.000190,0.605006,-0.001988,0.002787,0.000606,0.999994,-0.004475,-0.004478,0.994626,-0.997146,-0.605653,0.607414,-0.363288,0.351972,0.177404,-0.177418
0.020057,0.000156,0.595040,-0.001945,0.002546,0.000628,0.999995,-0.004555,-0.004558,1.030049,-1.032535,-0.658757,0.660261,-0.383624,0.372339,0.174261,-0.174279
0.021056,0.000113,0.584865,-0.001902,0.002305,0.000649,0.999995,-0.004548,-0.004552,1.065327,-1.067715,-0.711533,0.712732,-0.404933,0.393646,0.171064,-0.171086
0.022477,0.000066,0.574672,-0.001860,0.002064,0.000671,0.999996,-0.004463,-0.004465,1.100097,-1.102273,-0.762868,0.763775,-0.427204,0.415867,0.167801,-0.167828
0.024403,0.000018,0.564687,-0.001738,0.002973,0.000463,0.999994,-0.004311,-0.004310,1.133815,-1.135624,-0.811665,0.812350,-0.450422,0.438972,0.164459,-0.164491
0.026870,-0.000026,0.555269,-0.001616,0.003882,0.000254,0.999991,-0.004122,-0.004120,1.165215,-1.166489,-0.856884,0.857456,-0.474551,0.462911,0.161019,-0.161054
0.029903,-0.000062,0.546811,-0.001495,0.004790,0.000046,0.999987,-0.003932,-0.003934,1.192855,-1.193418,-0.897503,0.898108,-0.499550,0.487632,0.157457,-0.157495
0.033559,-0.000085,0.539716,-0.001454,0.006359,-0.000396,0.999979,-0.003776,-0.003790,1.215082,-1.214777,-0.932189,0.932996,-0.525372,0.513080,0.153736,-0.153775
0.038036,-0.000093,0.534419,-0.001414,0.007927,-0.000839,0.999967,-0.003688,-0.003706,1.229406,-1.228198,-0.958390,0.959525,-0.551955,0.539207,0.149748,-0.149787
0.043564,-0.000080,0.531364,-0.001373,0.009495,-0.001281,0.999953,-0.003704,-0.003702,1.233128,-1.231130,-0.973246,0.974779,-0.579229,0.565962,0.145370,-0.145407
0.050187,-0.000054,0.531122,-0.001277,0.004327,-0.001163,0.999989,-0.003796,-0.003747,1.222470,-1.219958,-0.974810,0.976681,-0.607119,0.593296,0.140492,-0.140524
0.057206,-0.000069,0.534778,-0.001180,-0.000840,-0.001046,0.999998,-0.003697,-0.003625,1.189324,-1.186800,-0.964793,0.966516,-0.635521,0.621151,0.135059,-0.135082
0.063732,-0.000189,0.543544,-0.001084,-0.006008,-0.000928,0.999981,-0.003074,-0.003074,1.124503,-1.122712,-0.945822,0.946409,-0.664327,0.649471,0.129027,-0.129034
0.069726,-0.000444,0.558376,-0.000384,-0.023696,0.000035,0.999719,-0.001794,-0.001971,1.022571,-1.022269,-0.914550,0.912841,-0.693407,0.678188,0.122234,-0.122219
0.078535,-0.000722,0.579207,0.000317,-0.041376,0.000997,0.999143,-0.000500,-0.000758,0.893096,-0.894138,-0.843746,0.839712,-0.722548,0.707204,0.114034,-0.113997
0.094355,-0.000877,0.605713,0.001017,-0.059043,0.001959,0.998253,-0.000031,-0.000020,0.749398,-0.750505,-0.700210,0.695275,-0.751516,0.736414,0.103661,-0.103610
0.119540,-0.000811,0.636773,0.000367,-0.037437,0.000288,0.999299,-0.000847,-0.000163,0.604858,-0.604084,-0.471200,0.467687,-0.779964,0.765537,0.090850,-0.090801
0.149084,-0.000637,0.668077,-0.000283,-0.015813,-0.001383,0.999874,-0.001891,-0.000886,0.473108,-0.469684,-0.225806,0.224705,-0.807086,0.793609,0.077346,-0.077309
0.176138,-0.000515,0.694515,-0.000933,0.005818,-0.003053,0.999978,-0.001727,-0.001710,0.367842,-0.362642,-0.053579,0.053989,-0.831963,0.819491,0.065394,-0.065371
0.195462,-0.000564,0.712240,-0.000272,0.007882,-0.002732,0.999965,0.000596,-0.002202,0.298415,-0.293459,-0.020587,0.020309,-0.853819,0.842233,0.056730,-0.056717
0.208227,-0.000722,0.722466,0.000388,0.009947,-0.002412,0.999948,0.004081,-0.002103,0.256835,-0.253305,-0.098973,0.096884,-0.872450,0.861631,0.051048,-0.051041
0.217212,-0.000887,0.727670,0.001049,0.012011,-0.002091,0.999925,0.007248,-0.001201,0.230770,-0.228516,-0.237398,0.234043,-0.887799,0.877669,0.047532,-0.047530
0.224778,-0.000979,0.729907,0.001571,0.005231,-0.002172,0.999983,0.008921,0.000655,0.209786,-0.207671,-0.392565,0.389710,-0.899967,0.890481,0.045469,-0.045474
0.231612,-0.001014,0.729556,0.002093,-0.001549,-0.002253,0.999994,0.009148,0.003362,0.191034,-0.188331,-0.553324,0.552182,-0.909693,0.900807,0.044560,-0.044573
0.237985,-0.001034,0.726574,0.002615,-0.008329,-0.002333,0.999959,0.008283,0.006756,0.173564,-0.170298,-0.716566,0.717348,-0.917876,0.909536,0.044612,-0.044632
0.244217,-0.001071,0.720980,0.003051,-0.009626,-0.002112,0.999947,0.006771,0.010526,0.155861,-0.152642,-0.878305,0.880439,-0.925400,0.917546,0.045425,-0.045451
0.250826,-0.001125,0.713044,0.003488,-0.010924,-0.001891,0.999932,0.005415,0.013783,0.134165,-0.131480,-1.031041,1.034043,-0.933092,0.925656,0.046776,-0.046806
0.258377,-0.001185,0.703097,0.003924,-0.012221,-0.001670,0.999916,0.005109,0.015491,0.104154,-0.102197,-1.166400,1.170089,-0.941764,0.934674,0.048437,-0.048469
0.267368,-0.001246,0.691414,0.004349,-0.008402,-0.001441,0.999954,0.006532,0.015005,0.062110,-0.060849,-1.277130,1.281604,-0.952141,0.945323,0.050208,-0.050241
0.278017,-0.001305,0.678044,0.004774,-0.004583,-0.001212,0.999977,0.009508,0.013241,0.006727,-0.006189,-1.360483,1.366004,-0.964595,0.957981,0.052008,-0.052039
0.290472,-0.001363,0.662981,0.005199,-0.000763,-0.000982,0.999986,0.013644,0.011504,-0.062695,0.062358,-1.414832,1.421803,-0.979413,0.972939,0.053783,-0.053812
0.304805,-0.001420,0.645960,0.005972,0.002534,-0.000729,0.999979,0.018345,0.010817,-0.147079,0.145650,-1.439651,1.448483,-0.996813,0.990425,0.055482,-0.055507
0.320780,-0.001478,0.625680,0.006745,0.005830,-0.000475,0.999960,0.022204,0.011074,-0.248226,0.245682,-1.438795,1.449397,-1.016736,1.010411,0.057055,-0.057075
0.338082,-0.001536,0.600586,0.007518,0.009127,-0.000222,0.999930,0.023614,0.011884,-0.368160,0.364733,-1.417218,1.428866,-1.039055,1.032803,0.058454,-0.058468
0.356310,-0.001597,0.569990,0.007572,0.007855,-0.000161,0.999940,0.021641,0.012918,-0.506229,0.502324,-1.378257,1.389828,-1.063240,1.057090,0.059593,-0.059599
0.374706,-0.001672,0.536692,0.007625,0.006582,-0.000101,0.999949,0.018066,0.014088,-0.651093,0.646949,-1.318780,1.329673,-1.087139,1.081094,0.060231,-0.060229
0.392423,-0.001777,0.504362,0.007678,0.005309,-0.000041,0.999956,0.015346,0.015364,-0.788738,0.784345,-1.234039,1.244409,-1.108197,1.102219,0.060091,-0.060083
0.408664,-0.001916,0.475972,0.008264,0.004827,-0.000039,0.999954,0.015273,0.016693,-0.908214,0.903371,-1.123482,1.134039,-1.124233,1.118269,0.058995,-0.058985
0.422824,-0.002063,0.451700,0.008849,0.004344,-0.000038,0.999951,0.016965,0.017920,-1.010828,1.005371,-1.003342,1.014545,-1.134561,1.128646,0.057169,-0.057158
0.434349,-0.002183,0.431028,0.009435,0.003861,-0.000036,0.999948,0.018875,0.018867,-1.100952,1.094812,-0.894049,0.905907,-1.138869,1.133151,0.054939,-0.054928
0.442917,-0.002254,0.413541,0.009754,0.002496,-0.000023,0.999949,0.019840,0.019448,-1.181761,1.174934,-0.811467,0.823667,-1.137193,1.131888,0.052570,-0.052559
0.449149,-0.002312,0.399257,0.010073,0.001131,-0.000010,0.999949,0.020231,0.019954,-1.251642,1.244067,-0.753204,0.765618,-1.130968,1.126174,0.050087,-0.050077
0.453901,-0.002405,0.388294,0.010392,-0.000234,0.000002,0.999946,0.020800,0.020769,-1.307788,1.299313,-0.712298,0.725118,-1.121975,1.117631,0.047457,-0.047448
0.457906,-0.002552,0.380698,0.010689,0.001128,-0.000013,0.999942,0.021988,0.022042,-1.348241,1.338724,-0.683006,0.696570,-1.111701,1.107636,0.044661,-0.044654
0.461409,-0.002661,0.376195,0.010986,0.002490,-0.000028,0.999937,0.022967,0.022975,-1.374450,1.364147,-0.664433,0.678577,-1.100460,1.096607,0.041743,-0.041737
0.464534,-0.002611,0.374437,0.011282,0.003852,-0.000043,0.999929,0.022593,0.022536,-1.388715,1.378377,-0.656900,0.670791,-1.088272,1.084719,0.038762,-0.038758
0.467389,-0.002331,0.375080,0.009943,0.006115,-0.000055,0.999932,0.020190,0.020132,-1.393259,1.383920,-0.660305,0.672721,-1.075194,1.072123,0.035771,-0.035768
0.470012,-0.001959,0.377817,0.008603,0.008377,-0.000066,0.999928,0.016946,0.016932,-1.389994,1.382121,-0.672856,0.683300,-1.061430,1.058862,0.032792,-0.032790
0.472424,-0.001681,0.382351,0.007263,0.010639,-0.000077,0.999917,0.014511,0.014544,-1.380756,1.374036,-0.692336,0.701323,-1.047222,1.044955,0.029840,-0.029841
0.474640,-0.001622,0.388390,0.007160,0.012004,-0.000086,0.999902,0.013996,0.014043,-1.367201,1.360789,-0.716841,0.725555,-1.032756,1.030452,0.026931,-0.026934
0.476637,-0.001660,0.395681,0.007057,0.013369,-0.000094,0.999886,0.014327,0.014369,-1.350274,1.343786,-0.745701,0.754659,-1.017990,1.015519,0.024079,-0.024083
0.478388,-0.001609,0.403976,0.006953,0.014734,-0.000102,0.999867,0.013891,0.013925,-1.330738,1.324502,-0.778560,0.787270,-1.002826,1.000352,0.021296,-0.021302
0.479869,-0.001351,0.413043,0.005918,0.014532,-0.000086,0.999877,0.011657,0.011699,-1.309350,1.304146,-0.814921,0.822255,-0.987227,0.985097,0.018595,-0.018602
0.481082,-0.001038,0.422700,0.004883,0.014331,-0.000070,0.999885,0.008946,0.009003,-1.286830,1.282863,-0.853740,0.859409,-0.971399,0.969698,0.015980,-0.015989
0.482035,-0.000890,0.432782,0.003848,0.014130,-0.000054,0.999893,0.007665,0.007729,-1.263892,1.260529,-0.893835,0.898757,-0.955605,0.954045,0.013457,-0.013468
0.482739,-0.001057,0.443131,0.005065,0.012907,-0.000062,0.999904,0.009110,0.009166,-1.241068,1.237111,-0.934264,0.940181,-0.940047,0.938087,0.011030,-0.011042
0.483214,-0.001406,0.453636,0.006283,0.011684,-0.000070,0.999912,0.012137,0.012175,-1.218181,1.212929,-0.975040,0.982976,-0.924677,0.921993,0.008699,-0.008712
0.483479,-0.001736,0.464196,0.007500,0.010462,-0.000078,0.999917,0.014991,0.015013,-1.194872,1.188388,-1.016416,1.026293,-0.909380,0.905987,0.006465,-0.006479
0.483557,-0.001879,0.474716,0.007246,0.009123,-0.000067,0.999932,0.016232,0.016247,-1.170851,1.163828,-1.058574,1.069395,-0.894064,0.890265,0.004327,-0.004341
0.483468,-0.001815,0.485132,0.006992,0.007784,-0.000055,0.999945,0.015678,0.015696,-1.146092,1.139306,-1.101398,1.111991,-0.878721,0.874914,0.002281,-0.002296
0.483230,-0.001559,0.495384,0.006738,0.006446,-0.000043,0.999957,0.013462,0.013491,-1.120637,1.114809,-1.144703,1.153901,-0.863361,0.859992,0.000324,-0.000340
0.482861,-0.001163,0.505416,0.005623,0.005557,-0.000033,0.999969,0.010035,0.010079,-1.094614,1.090270,-1.188186,1.195078,-0.848047,0.845500,-0.001549,0.001532
0.482377,-0.000827,0.515190,0.004508,0.004668,-0.000023,0.999979,0.007121,0.007175,-1.068490,1.065401,-1.231082,1.236016,-0.833054,0.831210,-0.003343,0.003326
0.481788,-0.000785,0.524674,0.003393,0.003779,-0.000013,0.999987,0.006759,0.006813,-1.042820,1.039859,-1.272511,1.277338,-0.818704,0.816837,-0.005065,0.005048
0.481108,-0.001168,0.533836,0.005067,0.003428,-0.000016,0.999981,0.010080,0.010118,-1.017958,1.013504,-1.311927,1.319336,-0.805188,0.802233,-0.006722,0.006705
0.480350,-0.001687,0.542658,0.006741,0.003076,-0.000019,0.999973,0.014575,0.014593,-0.993476,0.987017,-1.350133,1.360954,-0.792158,0.787796,-0.008320,0.008304
0.479527,-0.001947,0.551124,0.008415,0.002724,-0.000023,0.999961,0.016826,0.016833,-0.968745,0.961282,-1.388267,1.400803,-0.779131,0.774059,-0.009867,0.009850
0.478652,-0.001692,0.559219,0.007007,0.002732,-0.000019,0.999972,0.014614,0.014632,-0.943426,0.936936,-1.427014,1.437938,-0.765808,0.761375,-0.011369,0.011352
0.477732,-0.001220,0.566926,0.005600,0.002741,-0.000015,0.999981,0.010530,0.010566,-0.918322,0.913618,-1.465242,1.473210,-0.752627,0.749363,-0.012831,0.012815
0.476776,-0.000970,0.574226,0.004193,0.002749,-0.000011,0.999987,0.008364,0.008408,-0.894522,0.890719,-1.501364,1.507915,-0.740209,0.737461,-0.014260,0.014244
0.475793,-0.001248,0.581106,0.006238,0.002728,-0.000017,0.999977,0.010772,0.010805,-0.872824,0.867847,-1.534248,1.542936,-0.728994,0.725282,-0.015660,0.015644
0.474795,-0.001837,0.587572,0.008283,0.002707,-0.000022,0.999962,0.015877,0.015884,-0.852849,0.845474,-1.564569,1.577488,-0.718693,0.713149,-0.017035,0.017020
0.473796,-0.002390,0.593636,0.010328,0.002686,-0.000028,0.999943,0.020664,0.020648,-0.833928,0.824289,-1.593454,1.610368,-0.708838,0.701563,-0.018390,0.018375
0.472808,-0.002642,0.599309,0.010644,0.002586,-0.000027,0.999940,0.022847,0.022819,-0.815548,0.804811,-1.621763,1.640668,-0.699069,0.690901,-0.019727,0.019713
0.471839,-0.002663,0.604606,0.010960,0.002487,-0.000027,0.999937,0.023036,0.023006,-0.797820,0.786877,-1.649282,1.668642,-0.689481,0.681064,-0.021048,0.021034
0.470896,-0.002609,0.609542,0.011277,0.002387,-0.000027,0.999934,0.022568,0.022540,-0.781010,0.770154,-1.675532,1.694834,-0.680277,0.671830,-0.022353,0.022340
0.469986,-0.002602,0.614133,0.011386,0.002259,-0.000026,0.999933,0.022508,0.022479,-0.765318,0.754367,-1.700140,1.719692,-0.671619,0.663018,-0.023643,0.023630
0.469114,-0.002639,0.618399,0.011496,0.002131,-0.000024,0.999932,0.022827,0.022797,-0.750678,0.739461,-1.723177,1.743264,-0.663485,0.654615,-0.024915,0.024903
0.468284,-0.002685,0.622362,0.011605,0.002002,-0.000023,0.999931,0.023227,0.023195,-0.736956,0.725436,-1.744822,1.765501,-0.655809,0.646650,-0.026167,0.026156
0.467498,-0.002712,0.626041,0.011611,0.001916,-0.000022,0.999931,0.023457,0.023424,-0.724029,0.712283,-1.765242,1.786377,-0.648531,0.639142,-0.027395,0.027384
0.466757,-0.002713,0.629462,0.011618,0.001829,-0.000021,0.999931,0.023469,0.023436,-0.711812,0.699945,-1.784557,1.805961,-0.641608,0.632071,-0.028594,0.028584
0.466061,-0.002690,0.632649,0.011624,0.001743,-0.000020,0.999931,0.023264,0.023233,-0.700232,0.688355,-1.802873,1.824342,-0.635002,0.625410,-0.029756,0.029746
0.465408,-0.002642,0.635625,0.011346,0.001721,-0.000020,0.999934,0.022851,0.022823,-0.689218,0.677443,-1.820294,1.841620,-0.628677,0.619125,-0.030874,0.030865
0.464796,-0.002576,0.638417,0.011068,0.001700,-0.000019,0.999937,0.022276,0.022251,-0.678709,0.667128,-1.836921,1.857935,-0.622599,0.613166,-0.031937,0.031929
0.464220,-0.002497,0.641050,0.010791,0.001678,-0.000018,0.999940,0.021592,0.021572,-0.668650,0.657326,-1.852850,1.873432,-0.616737,0.607479,-0.032935,0.032927
0.463676,-0.002413,0.643549,0.010465,0.001690,-0.000018,0.999944,0.020861,0.020846,-0.658985,0.647950,-1.868176,1.888263,-0.611059,0.602007,-0.033854,0.033846
0.463158,-0.002334,0.645938,0.010140,0.001701,-0.000017,0.999947,0.020175,0.020164,-0.649668,0.638904,-1.882983,1.902605,-0.605542,0.596683,-0.034680,0.034672
0.462660,-0.002271,0.648243,0.009814,0.001713,-0.000017,0.999950,0.019633,0.019626,-0.640656,0.630090,-1.897351,1.916639,-0.600159,0.591437,-0.035394,0.035387
0.462176,-0.002235,0.650486,0.009779,0.001708,-0.000017,0.999951,0.019318,0.019313,-0.631900,0.621414,-1.911370,1.930536,-0.594884,0.586204,-0.035982,0.035975
0.461700,-0.002226,0.652690,0.009743,0.001702,-0.000017,0.999951,0.019246,0.019241,-0.623330,0.612792,-1.925155,1.944440,-0.589678,0.580932,-0.036420,0.036414
0.461225,-0.002246,0.654874,0.009707,0.001697,-0.000016,0.999951,0.019416,0.019411,-0.614870,0.604143,-1.938830,1.958482,-0.584499,0.575574,-0.036689,0.036682
0.460745,-0.002291,0.657060,0.009947,0.001655,-0.000016,0.999949,0.019810,0.019802,-0.606438,0.595392,-1.952526,1.972783,-0.579301,0.570088,-0.036765,0.036759
0.460254,-0.002352,0.659263,0.010187,0.001613,-0.000016,0.999947,0.020331,0.020320,-0.597926,0.586482,-1.966399,1.987409,-0.574026,0.564459,-0.036626,0.036620
0.459747,-0.002413,0.661496,0.010428,0.001571,-0.000016,0.999944,0.020863,0.020849,-0.589221,0.577359,-1.980615,2.002414,-0.568615,0.558676,-0.036247,0.036241
0.459217,-0.002464,0.663774,0.010566,0.001531,-0.000016,0.999943,0.021303,0.021286,-0.580214,0.567972,-1.995325,2.017848,-0.563011,0.552730,-0.035605,0.035598
0.458661,-0.002497,0.666103,0.010705,0.001490,-0.000016,0.999942,0.021595,0.021577,-0.570824,0.558274,-2.010633,2.033748,-0.557178,0.546613,-0.034677,0.034671
0.458075,-0.002509,0.668487,0.010843,0.001450,-0.000016,0.999940,0.021696,0.021678,-0.560975,0.548219,-2.026633,2.050153,-0.551085,0.540321,-0.033445,0.033439
0.457455,-0.002496,0.670929,0.010719,0.001461,-0.000016,0.999941,0.021583,0.021564,-0.550614,0.537771,-2.043384,2.067089,-0.544711,0.533849,-0.031889,0.031883
0.456801,-0.002464,0.673421,0.010594,0.001472,-0.000016,0.999943,0.021308,0.021291,-0.539779,0.526931,-2.060818,2.084559,-0.538088,0.527195,-0.030002,0.029996
0.456113,-0.002423,0.675950,0.010470,0.001483,-0.000016,0.999944,0.020947,0.020933,-0.528530,0.515711,-2.078836,2.102554,-0.531258,0.520359,-0.027777,0.027771
0.455392,-0.002366,0.678504,0.009811,0.001501,-0.000015,0.999951,0.020457,0.020449,-0.516919,0.504189,-2.097383,2.120965,-0.524237,0.513385,-0.025216,0.025210
0.454644,-0.002237,0.681058,0.009151,0.001519,-0.000014,0.999957,0.019340,0.019339,-0.504949,0.492720,-2.116590,2.139271,-0.516943,0.506491,-0.022350,0.022344
0.453873,-0.001965,0.683584,0.008492,0.001536,-0.000013,0.999963,0.016981,0.016989,-0.492617,0.481727,-2.136632,2.156848,-0.509267,0.499941,-0.019216,0.019210
0.453090,-0.001513,0.686048,0.006399,0.001363,-0.000009,0.999979,0.013065,0.013084,-0.480049,0.471564,-2.157431,2.173195,-0.501213,0.493935,-0.015863,0.015858
0.452320,-0.000983,0.688389,0.004305,0.001190,-0.000006,0.999990,0.008477,0.008509,-0.467907,0.462317,-2.177904,2.188293,-0.493224,0.488424,-0.012377,0.012373
0.451594,-0.000512,0.690537,0.002212,0.001017,-0.000002,0.999997,0.004402,0.004447,-0.456983,0.454007,-2.196711,2.202246,-0.485855,0.483295,-0.008857,0.008853
0.450943,-0.000207,0.692426,0.001475,0.000671,-0.000001,0.999999,0.001759,0.001818,-0.447955,0.446705,-2.212675,2.215002,-0.479594,0.478516,-0.005433,0.005430
0.450400,-0.000052,0.693998,0.000737,0.000326,-0.000001,1.000000,0.000413,0.000482,-0.441033,0.440695,-2.225251,2.225883,-0.474659,0.474365,-0.002378,0.002377
0.450000,0.000000,0.695198,-0.000000,-0.000019,0.000000,1.000000,-0.000036,0.000036,-0.436312,0.436312,-2.234056,2.234056,-0.471201,0.471201,0.000000,-0.000000
0.449777,-0.000005,0.695968,-0.000000,-0.000012,0.000000,1.000000,0.000012,0.000076,-0.433887,0.433895,-2.238706,2.238689,-0.469371,0.469380,0.001394,-0.001393
0.449766,-0.000021,0.696255,-0.000000,-0.000006,0.000000,1.000000,0.000158,0.000199,-0.433851,0.433778,-2.238815,2.238948,-0.469320,0.469260,0.001496,-0.001496
