0.000339,-0.000003,0.694565,0.000012,-0.000126,-0.000000,1.000000,0.000022,0.000022,-0.443015,0.443000,-2.225247,2.225275,-0.474381,0.474368,-0.000498,0.000494
0.000968,-0.000005,0.692566,0.000024,-0.000251,-0.000000,1.000000,0.000044,0.000044,-0.451918,0.451889,-2.211391,2.211447,-0.479535,0.479509,-0.003832,0.003828
0.001827,-0.000009,0.690086,0.000036,-0.000377,-0.000000,1.000000,0.000072,0.000072,-0.462680,0.462631,-2.193352,2.193443,-0.486302,0.486259,-0.009364,0.009363
0.002856,-0.000013,0.687206,0.000069,0.000214,-0.000000,1.000000,0.000114,0.000114,-0.474967,0.474892,-2.172050,2.172190,-0.494320,0.494254,-0.016456,0.016460
0.003995,-0.000021,0.684007,0.000101,0.000806,-0.000000,1.000000,0.000177,0.000176,-0.488448,0.488335,-2.148404,2.148616,-0.503228,0.503130,-0.024471,0.024482
0.005183,-0.000031,0.680571,0.000134,0.001397,-0.000000,0.999999,0.000268,0.000267,-0.502792,0.502624,-2.123334,2.123647,-0.512667,0.512523,-0.032770,0.032790
0.006371,-0.000045,0.676973,0.000216,0.001890,-0.000001,0.999998,0.000393,0.000393,-0.517694,0.517453,-2.097642,2.098090,-0.522323,0.522116,-0.040806,0.040835
0.007539,-0.000064,0.673255,0.000298,0.002382,-0.000001,0.999997,0.000557,0.000557,-0.532957,0.532622,-2.071655,2.072275,-0.532074,0.531788,-0.048383,0.048421
0.008682,-0.000088,0.669454,0.000380,0.002875,-0.000002,0.999996,0.000760,0.000760,-0.548412,0.547964,-2.045582,2.046411,-0.541846,0.541465,-0.055395,0.055443
0.009789,-0.000116,0.665604,0.000525,0.003216,-0.000003,0.999995,0.001006,0.001006,-0.563894,0.563312,-2.019631,2.020705,-0.551567,0.551074,-0.061778,0.061835
0.010854,-0.000149,0.661735,0.000670,0.003558,-0.000004,0.999993,0.001296,0.001296,-0.579249,0.578514,-1.993995,1.995352,-0.561170,0.560549,-0.067632,0.067697
0.011869,-0.000188,0.657876,0.000816,0.003900,-0.000005,0.999992,0.001632,0.001633,-0.594331,0.593422,-1.968869,1.970546,-0.570592,0.569825,-0.073097,0.073170
0.012825,-0.000232,0.654053,0.001023,0.004094,-0.000006,0.999991,0.002014,0.002015,-0.609040,0.607935,-1.944410,1.946443,-0.579775,0.578847,-0.078300,0.078378
0.013722,-0.000281,0.650282,0.001229,0.004288,-0.000008,0.999990,0.002432,0.002433,-0.623468,0.622155,-1.920633,1.923046,-0.588699,0.587599,-0.083299,0.083381
0.014557,-0.000332,0.646572,0.001436,0.004482,-0.000010,0.999989,0.002874,0.002875,-0.637759,0.636229,-1.897517,1.900324,-0.597352,0.596075,-0.088139,0.088222
0.015328,-0.000384,0.642937,0.001654,0.004290,-0.000011,0.999989,0.003326,0.003327,-0.652000,0.650253,-1.875060,1.878259,-0.605722,0.604269,-0.092856,0.092938
0.016037,-0.000436,0.639388,0.001872,0.004098,-0.000013,0.999990,0.003769,0.003769,-0.666071,0.664115,-1.853336,1.856909,-0.613793,0.612175,-0.097469,0.097546
0.016684,-0.000484,0.635937,0.002090,0.003906,-0.000015,0.999990,0.004182,0.004182,-0.679793,0.677647,-1.832437,1.836349,-0.621550,0.619783,-0.101987,0.102056
0.017271,-0.000526,0.632592,0.002239,0.003544,-0.000016,0.999991,0.004546,0.004546,-0.693022,0.690715,-1.812435,1.816635,-0.628984,0.627092,-0.106435,0.106496
0.017798,-0.000561,0.629358,0.002387,0.003182,-0.000017,0.999992,0.004846,0.004847,-0.705741,0.703305,-1.793324,1.797749,-0.636101,0.634112,-0.110899,0.110948
0.018269,-0.000587,0.626233,0.002535,0.002820,-0.000018,0.999993,0.005071,0.005071,-0.717963,0.715438,-1.775077,1.779655,-0.642913,0.640859,-0.115477,0.115513
0.018687,-0.000604,0.623219,0.002563,0.002404,-0.000019,0.999994,0.005210,0.005210,-0.729693,0.727121,-1.757665,1.762320,-0.649434,0.647350,-0.120241,0.120261
0.019053,-0.000610,0.620310,0.002591,0.001987,-0.000019,0.999995,0.005264,0.005265,-0.740899,0.738322,-1.741058,1.745716,-0.655684,0.653603,-0.125152,0.125155
0.019373,-0.000608,0.617502,0.002619,0.001571,-0.000020,0.999995,0.005238,0.005238,-0.751538,0.748995,-1.725227,1.729818,-0.661687,0.659638,-0.130144,0.130127
0.019650,-0.000596,0.614791,0.002538,0.001253,-0.000021,0.999996,0.005136,0.005137,-0.761583,0.759109,-1.710131,1.714595,-0.667465,0.665476,-0.135158,0.135116
0.019887,-0.000578,0.612165,0.002458,0.000935,-0.000022,0.999997,0.004970,0.004971,-0.771062,0.768687,-1.695705,1.699989,-0.673049,0.671140,-0.140152,0.140084
0.020086,-0.000553,0.609617,0.002377,0.000617,-0.000023,0.999997,0.004754,0.004755,-0.780018,0.777764,-1.681871,1.685937,-0.678469,0.676657,-0.145092,0.144995
0.020251,-0.000523,0.607135,0.002224,0.000460,-0.000025,0.999997,0.004496,0.004498,-0.788485,0.786371,-1.668560,1.672377,-0.683753,0.682051,-0.149963,0.149837
0.020383,-0.000488,0.604712,0.002070,0.000302,-0.000027,0.999998,0.004192,0.004195,-0.796470,0.794516,-1.655724,1.659257,-0.688927,0.687348,-0.154833,0.154677
0.020485,-0.000447,0.602338,0.001917,0.000144,-0.000028,0.999998,0.003833,0.003837,-0.803971,0.802202,-1.643321,1.646529,-0.694013,0.692575,-0.159793,0.159605
0.020557,-0.000399,0.600006,0.001677,0.000152,-0.000030,0.999999,0.003413,0.003417,-0.811010,0.809453,-1.631300,1.634137,-0.699034,0.697755,-0.164888,0.164666
0.020597,-0.000344,0.597707,0.001437,0.000159,-0.000033,0.999999,0.002932,0.002937,-0.817705,0.816386,-1.619590,1.622011,-0.704008,0.702906,-0.170001,0.169740
0.020606,-0.000282,0.595434,0.001198,0.000167,-0.000035,0.999999,0.002394,0.002400,-0.824195,0.823139,-1.608111,1.610074,-0.708954,0.708047,-0.174972,0.174663
0.020579,-0.000214,0.593180,0.000896,0.000153,-0.000037,1.000000,0.001805,0.001812,-0.830582,0.829809,-1.596804,1.598275,-0.713886,0.713188,-0.179698,0.179329
0.020515,-0.000144,0.590952,0.000594,0.000140,-0.000039,1.000000,0.001191,0.001198,-0.836812,0.836332,-1.585689,1.586653,-0.718813,0.718329,-0.184305,0.183867
0.020412,-0.000074,0.588755,0.000293,0.000127,-0.000041,1.000000,0.000582,0.000590,-0.842796,0.842604,-1.574805,1.575272,-0.723738,0.723464,-0.188978,0.188465
0.020265,-0.000007,0.586597,0.000039,-0.000037,-0.000044,1.000000,0.000006,0.000016,-0.848523,0.848601,-1.564166,1.564168,-0.728667,0.728587,-0.193866,0.193277
0.020064,0.000052,0.584480,-0.000215,-0.000201,-0.000046,1.000000,-0.000510,-0.000500,-0.854308,0.854626,-1.553688,1.553277,-0.733594,0.733687,-0.198970,0.198312
0.019797,0.000102,0.582406,-0.000469,-0.000365,-0.000049,1.000000,-0.000943,-0.000933,-0.860546,0.861066,-1.543262,1.542507,-0.738516,0.738750,-0.204259,0.203545
0.019455,0.000138,0.580385,-0.000525,-0.000989,-0.000052,0.999999,-0.001261,-0.001250,-0.867382,0.868050,-1.532871,1.531869,-0.743424,0.743758,-0.209573,0.208826
0.019044,0.000154,0.578459,-0.000580,-0.001614,-0.000055,0.999999,-0.001397,-0.001385,-0.873957,0.874691,-1.522887,1.521782,-0.748303,0.748674,-0.214250,0.213491
0.018571,0.000139,0.576677,-0.000636,-0.002238,-0.000058,0.999997,-0.001278,-0.001264,-0.879164,0.879847,-1.513772,1.512766,-0.753133,0.753457,-0.217502,0.216752
0.018039,0.000089,0.575075,-0.000297,-0.002108,-0.000060,0.999998,-0.000850,-0.000835,-0.882267,0.882761,-1.505848,1.505180,-0.757902,0.758075,-0.218972,0.218247
0.017428,0.000008,0.573641,0.000042,-0.001978,-0.000062,0.999998,-0.000152,-0.000136,-0.884031,0.884216,-1.498862,1.498741,-0.762614,0.762549,-0.220028,0.219324
0.016714,-0.000097,0.572349,0.000381,-0.001848,-0.000064,0.999998,0.000753,0.000770,-0.885593,0.885379,-1.492419,1.493002,-0.767278,0.766909,-0.222469,0.221757
0.015880,-0.000218,0.571184,0.000884,-0.002135,-0.000065,0.999997,0.001792,0.001810,-0.887683,0.887014,-1.486284,1.487668,-0.771897,0.771181,-0.227502,0.226734
0.014932,-0.000339,0.570180,0.001387,-0.002422,-0.000066,0.999996,0.002843,0.002862,-0.889399,0.888273,-1.480859,1.483050,-0.776440,0.775375,-0.233954,0.233101
0.013882,-0.000447,0.569380,0.001890,-0.002709,-0.000066,0.999995,0.003771,0.003791,-0.889432,0.887905,-1.476710,1.479613,-0.780869,0.779493,-0.240058,0.239117
0.012737,-0.000531,0.568815,0.002257,-0.001974,-0.000069,0.999996,0.004497,0.004518,-0.886818,0.884981,-1.474245,1.477705,-0.785165,0.783541,-0.244453,0.243443
0.011483,-0.000609,0.568472,0.002624,-0.001239,-0.000072,0.999996,0.005164,0.005184,-0.881983,0.879869,-1.473248,1.477221,-0.789371,0.787513,-0.247405,0.246355
0.010103,-0.000703,0.568326,0.002990,-0.000505,-0.000075,0.999995,0.005968,0.005989,-0.875702,0.873257,-1.473351,1.477942,-0.793550,0.791405,-0.249588,0.248530
0.008576,-0.000825,0.568356,0.003496,0.000346,-0.000080,0.999994,0.007026,0.007048,-0.868634,0.865754,-1.474259,1.479664,-0.797747,0.795223,-0.251567,0.250536
0.006887,-0.000953,0.568560,0.004001,0.001198,-0.000084,0.999991,0.008134,0.008155,-0.860972,0.857639,-1.475989,1.482246,-0.801935,0.799011,-0.253482,0.252497
0.005020,-0.001053,0.568939,0.004507,0.002049,-0.000089,0.999988,0.009006,0.009023,-0.852795,0.849112,-1.478631,1.485562,-0.806070,0.802822,-0.255363,0.254426
0.002957,-0.001103,0.569498,0.004625,0.002021,-0.000089,0.999987,0.009446,0.009456,-0.844254,0.840405,-1.482235,1.489508,-0.810120,0.806693,-0.257246,0.256343
0.000673,-0.001121,0.570251,0.004742,0.001992,-0.000089,0.999987,0.009601,0.009608,-0.835781,0.831885,-1.486666,1.494070,-0.814100,0.810590,-0.259179,0.258290
-0.001860,-0.001135,0.571215,0.004860,0.001963,-0.000089,0.999986,0.009710,0.009727,-0.827883,0.823953,-1.491746,1.499254,-0.818040,0.814461,-0.261211,0.260313
-0.004669,-0.001166,0.572421,0.005071,0.000413,-0.000080,0.999987,0.009966,0.010007,-0.820727,0.816692,-1.497494,1.505229,-0.821932,0.818235,-0.263355,0.262427
-0.007780,-0.001216,0.573954,0.005281,-0.001138,-0.000071,0.999985,0.010393,0.010445,-0.813138,0.808924,-1.504706,1.512805,-0.825640,0.821762,-0.265456,0.264505
-0.011218,-0.001281,0.575918,0.005492,-0.002689,-0.000062,0.999981,0.010976,0.010988,-0.803604,0.799149,-1.514378,1.522951,-0.828990,0.824873,-0.267322,0.266390
-0.015012,-0.001355,0.578400,0.005780,-0.004090,-0.000051,0.999975,0.011668,0.011581,-0.790948,0.786214,-1.527295,1.536420,-0.831830,0.827424,-0.268826,0.267973
-0.019193,-0.001426,0.581447,0.006067,-0.005491,-0.000041,0.999967,0.012308,0.012171,-0.775336,0.770335,-1.543409,1.553086,-0.834073,0.829373,-0.270106,0.269361
-0.023792,-0.001480,0.585095,0.006355,-0.006892,-0.000030,0.999956,0.012705,0.012707,-0.757267,0.752072,-1.562462,1.572603,-0.835649,0.830703,-0.271368,0.270710
-0.028864,-0.001507,0.589394,0.006421,-0.008205,-0.000018,0.999946,0.012765,0.013121,-0.736776,0.731492,-1.584740,1.595194,-0.836401,0.831287,-0.272768,0.272143
-0.034548,-0.001517,0.594458,0.006487,-0.009519,-0.000007,0.999934,0.012773,0.013297,-0.712025,0.706686,-1.612686,1.623363,-0.835809,0.830555,-0.274266,0.273635
-0.041004,-0.001524,0.600417,0.006554,-0.010833,0.000005,0.999920,0.013111,0.013105,-0.680712,0.675254,-1.649283,1.660179,-0.833267,0.827828,-0.275772,0.275126
-0.048325,-0.001537,0.607365,0.006611,-0.010340,0.000005,0.999925,0.013920,0.012579,-0.641326,0.635637,-1.696062,1.707252,-0.828352,0.822639,-0.277282,0.276633
-0.056346,-0.001552,0.615246,0.006668,-0.009847,0.000006,0.999929,0.014387,0.012410,-0.595535,0.589644,-1.748748,1.760336,-0.821391,0.815379,-0.279117,0.278478
-0.064837,-0.001559,0.623966,0.006725,-0.009354,0.000006,0.999934,0.013463,0.013450,-0.545799,0.539928,-1.801610,1.813722,-0.812895,0.806654,-0.281685,0.281062
-0.073882,-0.001553,0.633462,0.006665,-0.012457,0.000030,0.999900,0.010882,0.015841,-0.494115,0.488523,-1.853474,1.866223,-0.802771,0.796406,-0.285029,0.284424
-0.084830,-0.001539,0.643793,0.006604,-0.015561,0.000054,0.999857,0.009531,0.016858,-0.440620,0.435005,-1.921382,1.934746,-0.788511,0.781934,-0.287738,0.287159
-0.099345,-0.001528,0.655048,0.006543,-0.018663,0.000078,0.999804,0.013081,0.013064,-0.384986,0.378332,-2.026933,2.040718,-0.767004,0.759873,-0.288039,0.287501
-0.118057,-0.001526,0.667284,0.006509,-0.030639,0.000158,0.999509,0.022354,0.003778,-0.326463,0.317524,-2.177120,2.191244,-0.736665,0.728518,-0.284990,0.284506
-0.137449,-0.001521,0.680432,0.006474,-0.042611,0.000238,0.999071,0.026770,-0.000652,-0.262599,0.251838,-2.320528,2.336134,-0.702027,0.692805,-0.280963,0.280532
-0.152971,-0.001499,0.694391,0.006438,-0.054577,0.000319,0.998489,0.012898,0.012878,-0.190522,0.180597,-2.391135,2.410875,-0.669147,0.659331,-0.279163,0.278757
-0.161481,-0.001445,0.708686,0.006184,-0.043948,0.000164,0.999015,-0.024748,0.049695,-0.108443,0.103387,-2.344283,2.371569,-0.642682,0.633129,-0.281843,0.281423
-0.165467,-0.001338,0.721345,0.005930,-0.033314,0.000009,0.999427,-0.059875,0.084004,-0.018923,0.020874,-2.220745,2.256783,-0.621678,0.612977,-0.287456,0.287006
-0.168827,-0.001160,0.730022,0.005674,-0.022677,-0.000146,0.999727,-0.058246,0.082229,0.074390,-0.066009,-2.082657,2.125700,-0.603779,0.596090,-0.293509,0.293045
-0.174600,-0.000903,0.733227,0.004972,-0.017512,-0.000224,0.999834,-0.000013,0.024868,0.168042,-0.155803,-1.978952,2.024934,-0.587070,0.580176,-0.298070,0.297631
-0.182390,-0.000618,0.732905,0.004269,-0.012348,-0.000302,0.999915,0.077110,-0.051300,0.259356,-0.244943,-1.905758,1.950814,-0.571397,0.564907,-0.301462,0.301072
-0.190944,-0.000371,0.731861,0.003567,-0.007182,-0.000381,0.999968,0.121016,-0.095421,0.345849,-0.329341,-1.846006,1.887105,-0.557050,0.550451,-0.304575,0.304233
-0.199262,-0.000209,0.731981,0.002951,-0.006543,-0.000952,0.999974,0.096248,-0.072966,0.425648,-0.406091,-1.785339,1.820434,-0.544155,0.536873,-0.307992,0.307678
-0.207352,-0.000105,0.731488,0.002336,-0.005903,-0.001524,0.999979,0.033933,-0.014697,0.499323,-0.477020,-1.720267,1.748907,-0.532187,0.523843,-0.311083,0.310773
-0.215477,-0.000017,0.727690,0.001720,-0.005264,-0.002096,0.999982,-0.018151,0.032301,0.568053,-0.545139,-1.650016,1.673496,-0.520463,0.510932,-0.312910,0.312589
-0.223855,0.000090,0.718601,0.000774,-0.006742,-0.002222,0.999975,-0.024784,0.033458,0.633563,-0.613319,-1.575018,1.595848,-0.508511,0.497885,-0.312865,0.312521
-0.232521,0.000209,0.705064,-0.000171,-0.008220,-0.002349,0.999963,-0.000955,0.004248,0.699758,-0.683863,-1.500536,1.520311,-0.496727,0.485139,-0.311654,0.311279
-0.241469,0.000324,0.688632,-0.001117,-0.009698,-0.002475,0.999949,0.025792,-0.027340,0.771086,-0.758937,-1.433041,1.451906,-0.485720,0.473304,-0.310313,0.309898
-0.250635,0.000422,0.670482,-0.001585,-0.009014,-0.002608,0.999955,0.034090,-0.039565,0.849239,-0.838605,-1.374666,1.391657,-0.475988,0.462882,-0.309666,0.309207
-0.259740,0.000503,0.650292,-0.002053,-0.008331,-0.002740,0.999959,0.027278,-0.035661,0.924872,-0.914535,-1.310200,1.324585,-0.467590,0.453933,-0.309704,0.309205
-0.268451,0.000570,0.627369,-0.002521,-0.007648,-0.002873,0.999963,0.014868,-0.025110,0.985883,-0.976298,-1.220097,1.231713,-0.460469,0.446408,-0.310208,0.309683
-0.276619,0.000627,0.601418,-0.002612,-0.008733,-0.002764,0.999955,0.004736,-0.015786,1.026129,-1.018924,-1.097067,1.106258,-0.454502,0.440195,-0.310966,0.310435
-0.284844,0.000686,0.573740,-0.002702,-0.009818,-0.002655,0.999945,-0.001798,-0.009142,1.063303,-1.059282,-0.982849,0.990219,-0.449278,0.434930,-0.311791,0.311269
-0.293911,0.000763,0.546038,-0.002793,-0.010903,-0.002546,0.999933,-0.005052,-0.005025,1.121061,-1.119700,-0.931438,0.937790,-0.444316,0.430184,-0.312502,0.311996
-0.304212,0.000862,0.520191,-0.002586,-0.009540,-0.002467,0.999948,-0.005517,-0.003158,1.213497,-1.213300,-0.977304,0.983522,-0.439267,0.425624,-0.312903,0.312413
-0.314577,0.000964,0.498797,-0.002378,-0.008178,-0.002388,0.999961,-0.004383,-0.002772,1.316464,-1.316367,-1.076794,1.083391,-0.434301,0.421284,-0.312730,0.312257
-0.323440,0.001038,0.484632,-0.002171,-0.006815,-0.002309,0.999972,-0.003009,-0.002976,1.396257,-1.395978,-1.166732,1.173727,-0.429722,0.417291,-0.311706,0.311250
-0.329656,0.001059,0.479656,-0.002228,-0.008494,-0.001899,0.999960,-0.002491,-0.003086,1.427537,-1.427448,-1.198157,1.205154,-0.425716,0.413719,-0.309644,0.309208
-0.333744,0.001013,0.482572,-0.002285,-0.010172,-0.001488,0.999945,-0.002858,-0.003258,1.418434,-1.419043,-1.178992,1.185471,-0.422007,0.410417,-0.306721,0.306310
-0.336637,0.000889,0.491263,-0.002342,-0.011850,-0.001078,0.999926,-0.003876,-0.003857,1.385446,-1.387264,-1.131382,1.136765,-0.418203,0.407182,-0.303207,0.302828
-0.339077,0.000694,0.503824,-0.002877,-0.010704,0.000034,0.999939,-0.005318,-0.005134,1.342417,-1.345901,-1.073528,1.077320,-0.414016,0.403829,-0.299385,0.299044
-0.341030,0.000508,0.519182,-0.003413,-0.009557,0.001146,0.999948,-0.007007,-0.006877,1.292583,-1.297894,-1.007874,1.010183,-0.409575,0.400255,-0.295584,0.295277
-0.342269,0.000427,0.536471,-0.003948,-0.008411,0.002258,0.999954,-0.008774,-0.008760,1.236525,-1.243473,-0.932925,0.934594,-0.405112,0.396376,-0.292148,0.291853
-0.342660,0.000516,0.554771,-0.004652,-0.006587,0.002304,0.999965,-0.010455,-0.010490,1.175411,-1.183530,-0.848615,0.850980,-0.400773,0.392134,-0.289295,0.288981
-0.342446,0.000706,0.572937,-0.005355,-0.004764,0.002350,0.999972,-0.011886,-0.011912,1.112747,-1.121610,-0.760609,0.764510,-0.396368,0.387563,-0.286729,0.286383
-0.341963,0.000892,0.589768,-0.006059,-0.002940,0.002396,0.999974,-0.012907,-0.012908,1.052625,-1.061926,-0.676003,0.681542,-0.391622,0.382725,-0.284030,0.283662
-0.341495,0.000994,0.604315,-0.006033,-0.003052,0.002236,0.999975,-0.013377,-0.013369,0.998416,-1.007932,-0.600552,0.607234,-0.386325,0.377661,-0.280875,0.280514
-0.341104,0.001022,0.616625,-0.006007,-0.003164,0.002076,0.999975,-0.013249,-0.013244,0.950597,-0.960067,-0.534647,0.541950,-0.380529,0.372349,-0.277341,0.277012
-0.340803,0.001010,0.626995,-0.005981,-0.003277,0.001916,0.999975,-0.012493,-0.012495,0.908925,-0.918015,-0.477335,0.484855,-0.374352,0.366749,-0.273604,0.273322
-0.340585,0.000989,0.635729,-0.005446,-0.003652,0.001497,0.999977,-0.011177,-0.011179,0.873013,-0.881373,-0.427481,0.434974,-0.367892,0.360827,-0.269781,0.269554
-0.340389,0.000980,0.643166,-0.004912,-0.004028,0.001078,0.999979,-0.009741,-0.009740,0.841908,-0.849387,-0.383214,0.390771,-0.361178,0.354582,-0.265752,0.265584
-0.340137,0.001004,0.649650,-0.004377,-0.004403,0.000658,0.999981,-0.008720,-0.008714,0.814515,-0.821218,-0.342480,0.350569,-0.354217,0.348015,-0.261337,0.261233
-0.339795,0.001070,0.655411,-0.004468,-0.003625,0.000156,0.999983,-0.008490,-0.008481,0.790186,-0.796413,-0.304111,0.313402,-0.347029,0.341140,-0.256463,0.256425
-0.339503,0.001140,0.660221,-0.004558,-0.002847,-0.000347,0.999985,-0.008797,-0.008789,0.770056,-0.776071,-0.270499,0.281162,-0.339668,0.334002,-0.251466,0.251498
-0.339447,0.001167,0.663732,-0.004649,-0.002068,-0.000850,0.999987,-0.009232,-0.009223,0.755707,-0.761678,-0.244923,0.256449,-0.332195,0.326655,-0.246791,0.246891
-0.339750,0.001115,0.665764,-0.004754,-0.001404,-0.000583,0.999988,-0.009504,-0.009495,0.747970,-0.753986,-0.229396,0.240808,-0.324665,0.319158,-0.242739,0.242900
-0.340293,0.001000,0.666782,-0.004859,-0.000740,-0.000317,0.999988,-0.009814,-0.009805,0.744668,-0.750805,-0.220878,0.231547,-0.317089,0.311585,-0.239049,0.239239
-0.340898,0.000856,0.667416,-0.004964,-0.000075,-0.000050,0.999988,-0.010486,-0.010478,0.742872,-0.749210,-0.215062,0.224914,-0.309468,0.304013,-0.235320,0.235476
-0.341421,0.000702,0.668174,-0.005311,0.000182,0.000291,0.999986,-0.011696,-0.011690,0.740225,-0.746819,-0.208514,0.217840,-0.301812,0.296515,-0.231242,0.231288
-0.341863,0.000518,0.669080,-0.005659,0.000439,0.000632,0.999984,-0.013033,-0.013030,0.736668,-0.743417,-0.201286,0.209990,-0.294166,0.289134,-0.226865,0.226791
-0.342260,0.000275,0.670038,-0.006007,0.000696,0.000973,0.999981,-0.013940,-0.013937,0.732711,-0.739332,-0.194300,0.201709,-0.286582,0.281910,-0.222331,0.222206
-0.342637,-0.000039,0.670976,-0.005670,0.000536,0.001530,0.999983,-0.014021,-0.014013,0.728730,-0.734840,-0.188180,0.193285,-0.279103,0.274859,-0.217774,0.217722
-0.342979,-0.000354,0.671918,-0.005333,0.000376,0.002088,0.999984,-0.013520,-0.013503,0.724557,-0.730014,-0.182351,0.184761,-0.271737,0.267920,-0.213296,0.213378
-0.343262,-0.000580,0.672915,-0.004996,0.000216,0.002645,0.999984,-0.012840,-0.012816,0.719884,-0.724878,-0.175939,0.176124,-0.264481,0.261008,-0.208991,0.209179
-0.343476,-0.000648,0.673976,-0.004722,-0.000009,0.002848,0.999985,-0.012261,-0.012230,0.714624,-0.719583,-0.168480,0.167565,-0.257350,0.254073,-0.204901,0.205099
-0.343680,-0.000566,0.674956,-0.004448,-0.000234,0.003052,0.999985,-0.011559,-0.011523,0.709556,-0.714796,-0.161146,0.160107,-0.250431,0.247194,-0.200856,0.200991
-0.343945,-0.000362,0.675670,-0.004174,-0.000459,0.003256,0.999986,-0.010386,-0.010347,0.705679,-0.711309,-0.155521,0.154983,-0.243829,0.240483,-0.196635,0.196681
-0.344326,-0.000072,0.675979,-0.003588,-0.000880,0.003022,0.999989,-0.008547,-0.008504,0.703760,-0.709714,-0.152803,0.153078,-0.237601,0.234034,-0.192115,0.192083
-0.344802,0.000242,0.675933,-0.003002,-0.001301,0.002787,0.999991,-0.006451,-0.006407,0.703649,-0.709788,-0.152652,0.153896,-0.231616,0.227850,-0.187567,0.187477
-0.345331,0.000512,0.675628,-0.002416,-0.001722,0.002553,0.999992,-0.004663,-0.004619,0.704966,-0.711105,-0.154343,0.156595,-0.225692,0.221916,-0.183364,0.183236
-0.345865,0.000683,0.675180,-0.002175,-0.001875,0.002138,0.999994,-0.003591,-0.003549,0.707221,-0.713145,-0.157016,0.160185,-0.219704,0.216208,-0.179713,0.179565
-0.346331,0.000756,0.674785,-0.001934,-0.002027,0.001724,0.999995,-0.003034,-0.002994,0.709490,-0.715005,-0.159268,0.163071,-0.213744,0.210665,-0.176170,0.176012
-0.346645,0.000746,0.674659,-0.001693,-0.002180,0.001310,0.999995,-0.002634,-0.002597,0.710736,-0.715689,-0.159563,0.163507,-0.207960,0.205219,-0.172124,0.171959
-0.346754,0.000673,0.674951,-0.001470,-0.001672,0.001201,0.999997,-0.002137,-0.002101,0.710225,-0.714517,-0.156843,0.160334,-0.202463,0.199823,-0.167169,0.166993
-0.346717,0.000567,0.675532,-0.001246,-0.001164,0.001093,0.999998,-0.001695,-0.001659,0.708423,-0.712073,-0.151980,0.154730,-0.197231,0.194527,-0.161706,0.161509
-0.346621,0.000459,0.676206,-0.001022,-0.000657,0.000984,0.999999,-0.001561,-0.001527,0.706096,-0.709261,-0.146328,0.148457,-0.192205,0.189400,-0.156338,0.156107
-0.346537,0.000376,0.676817,-0.001098,-0.000295,0.000958,0.999999,-0.001878,-0.001845,0.703844,-0.706763,-0.141008,0.142912,-0.187338,0.184496,-0.151529,0.151248
-0.346478,0.000306,0.677372,-0.001173,0.000066,0.000932,0.999999,-0.002336,-0.002305,0.701600,-0.704388,-0.136209,0.138024,-0.182622,0.179799,-0.147180,0.146843
-0.346442,0.000231,0.677919,-0.001248,0.000427,0.000906,0.999999,-0.002515,-0.002485,0.699132,-0.701723,-0.131889,0.133357,-0.178060,0.175277,-0.143054,0.142664
-0.346416,0.000139,0.678519,-0.000926,0.000182,0.001023,0.999999,-0.002120,-0.002092,0.696144,-0.698351,-0.127808,0.128405,-0.173636,0.170886,-0.138931,0.138498
-0.346353,0.000045,0.679275,-0.000604,-0.000064,0.001141,0.999999,-0.001368,-0.001340,0.692095,-0.693819,-0.122934,0.122395,-0.169269,0.166548,-0.134662,0.134196
-0.346195,-0.000029,0.680304,-0.000282,-0.000309,0.001259,0.999999,-0.000600,-0.000573,0.686378,-0.687666,-0.116039,0.114484,-0.164859,0.162175,-0.130115,0.129621
-0.345919,-0.000067,0.681628,-0.000011,-0.000504,0.001384,0.999999,-0.000051,-0.000025,0.678935,-0.679939,-0.106672,0.104478,-0.160335,0.157704,-0.125203,0.124682
-0.345630,-0.000083,0.682892,0.000260,-0.000700,0.001510,0.999999,0.000475,0.000500,0.671884,-0.672717,-0.097505,0.094781,-0.155735,0.153177,-0.120004,0.119461
-0.345466,-0.000096,0.683649,0.000531,-0.000895,0.001635,0.999998,0.001281,0.001306,0.667888,-0.668584,-0.091989,0.088447,-0.151126,0.148661,-0.114641,0.114081
-0.345523,-0.000111,0.683578,0.000991,-0.000219,0.001933,0.999998,0.002549,0.002574,0.668842,-0.669407,-0.092516,0.087696,-0.146546,0.144195,-0.109205,0.108638
-0.345737,-0.000064,0.682879,0.001451,0.000457,0.002230,0.999996,0.003970,0.003996,0.673562,-0.674180,-0.097228,0.091429,-0.141924,0.139706,-0.103661,0.103097
-0.346001,0.000121,0.681876,0.001912,0.001133,0.002528,0.999994,0.005114,0.005140,0.680096,-0.681177,-0.103209,0.097715,-0.137161,0.135088,-0.097942,0.097393
-0.346206,0.000490,0.680903,0.001667,0.002497,0.002150,0.999993,0.005661,0.005685,0.686494,-0.688589,-0.107684,0.104419,-0.132165,0.130246,-0.092015,0.091493
-0.346244,0.000962,0.680310,0.001422,0.003861,0.001773,0.999990,0.005726,0.005747,0.690814,-0.694286,-0.108445,0.108596,-0.126867,0.125116,-0.085985,0.085496
-0.346001,0.001424,0.680454,0.001177,0.005225,0.001395,0.999985,0.005534,0.005553,0.691117,-0.696055,-0.103427,0.107096,-0.121207,0.119640,-0.079994,0.079531
-0.345429,0.001784,0.681529,0.000875,0.006326,0.001255,0.999979,0.005270,0.005288,0.686302,-0.692550,-0.091725,0.098141,-0.115156,0.113788,-0.074198,0.073747
-0.344724,0.002028,0.683087,0.000573,0.007426,0.001116,0.999972,0.004958,0.004977,0.678621,-0.685906,-0.077086,0.085427,-0.108811,0.107632,-0.068821,0.068373
-0.344142,0.002166,0.684521,0.000272,0.008526,0.000976,0.999963,0.004585,0.004605,0.671165,-0.679121,-0.064418,0.074022,-0.102301,0.101269,-0.064102,0.063660
-0.343880,0.002205,0.685359,0.000116,0.008102,0.000816,0.999967,0.004143,0.004162,0.666365,-0.674558,-0.057478,0.067816,-0.095701,0.094751,-0.060206,0.059779
-0.343880,0.002151,0.685685,-0.000041,0.007678,0.000655,0.999970,0.003645,0.003664,0.663997,-0.672016,-0.055435,0.065992,-0.088860,0.087948,-0.056994,0.056586
-0.344024,0.002012,0.685722,-0.000197,0.007254,0.000495,0.999974,0.003113,0.003131,0.663179,-0.670653,-0.056305,0.066560,-0.081572,0.080685,-0.054251,0.053859
-0.344230,0.001798,0.685603,-0.000204,0.006496,0.000296,0.999979,0.002576,0.002593,0.663425,-0.670042,-0.058782,0.068241,-0.073683,0.072815,-0.050800,0.050413
-0.344553,0.001545,0.685118,-0.000211,0.005737,0.000096,0.999984,0.002092,0.002108,0.665841,-0.671400,-0.064251,0.072610,-0.065246,0.064315,-0.041615,0.041203
-0.345088,0.001292,0.683966,-0.000218,0.004979,-0.000103,0.999988,0.001727,0.001742,0.671932,-0.676357,-0.074773,0.081956,-0.056367,0.055191,-0.020707,0.020220
-0.345888,0.001068,0.681976,-0.000133,0.004197,-0.000256,0.999991,0.001516,0.001529,0.682512,-0.685842,-0.091490,0.097591,-0.047127,0.045493,0.014101,-0.014716
-0.346851,0.000861,0.679482,-0.000048,0.003416,-0.000409,0.999994,0.001369,0.001381,0.695644,-0.697977,-0.111873,0.116914,-0.037512,0.035451,0.049743,-0.050468
-0.347840,0.000648,0.676949,0.000037,0.002634,-0.000561,0.999996,0.001162,0.001176,0.708703,-0.710182,-0.132477,0.136349,-0.027487,0.025338,0.069343,-0.070069
-0.348730,0.000416,0.674770,0.000025,0.001756,-0.000374,0.999998,0.000814,0.000829,0.719499,-0.720306,-0.150350,0.152873,-0.017216,0.015528,0.061093,-0.061651
-0.349463,0.000189,0.673064,0.000012,0.000879,-0.000187,1.000000,0.000388,0.000406,0.727596,-0.727913,-0.164517,0.165675,-0.007664,0.006792,0.033465,-0.033750
-0.349999,0.000000,0.671884,-0.000000,0.000001,0.000000,1.000000,-0.000009,0.000009,0.732994,-0.732994,-0.174496,0.174496,0.000000,-0.000000,0.000000,-0.000000
-0.350294,-0.000117,0.671279,-0.000000,0.000001,0.000000,1.000000,-0.000276,-0.000259,0.735694,-0.735541,-0.179807,0.179079,0.004610,-0.003976,-0.025760,0.025965
-0.350309,-0.000128,0.671301,-0.000000,0.000000,0.000000,1.000000,-0.000307,-0.000296,0.735695,-0.735546,-0.179969,0.179167,0.004999,-0.004267,-0.030274,0.030510
